WigleWifi-1.4,appRelease=2.25,model=LG-H990,release=7.0,device=elsa,display=NRD90M,board=msm8996,brand=lge,,,
MAC,SSID,AuthMode,FirstSeen,Channel,RSSI,CurrentLatitude,CurrentLongitude,AltitudeMeters,AccuracyMeters,Type
4c:81:20:92:43:be,PLDTHOMEDSLALLUPWorkersUnion,[WPA-PSK-CCMP+TKIP][WPA2-PSK-CCMP+TKIP][WPS][ESS],10/28/2017 13:04,1,-71,14.65916698,121.0685424,126,6.06799984,WIFI
00:23:69:38:79:a0,PLDTHOMEFIBR_268830,[WPA-PSK-CCMP+TKIP][WPA2-PSK-CCMP+TKIP][WPS][ESS],10/28/2017 13:04,6,-82,14.65916698,121.0685424,126,6.06799984,WIFI
6c:3b:6b:ca:a0:d5,bnetsMesh,[WPA2-PSK-CCMP][WPS][ESS],10/28/2017 13:04,52,-86,14.65916698,121.0685424,126,6.06799984,WIFI
6c:3b:6b:cc:aa:cf,bnetsMesh,[WPA2-PSK-CCMP][WPS][ESS],10/28/2017 13:04,52,-88,14.65916698,121.0685424,126,6.06799984,WIFI
f0:8c:fb:80:34:48,PLDTHOMEFIBR_803448,[WPA-PSK-CCMP+TKIP][WPA2-PSK-CCMP+TKIP][WPS][ESS],10/28/2017 13:04,9,-88,14.65916698,121.0685424,126,6.06799984,WIFI
d0:04:92:01:1f:00,PLDTHOMEFIBR_011f00,[WPA-PSK-CCMP+TKIP][WPA2-PSK-CCMP+TKIP][WPS][ESS],10/28/2017 13:04,9,-87,14.65916698,121.0685424,126,6.06799984,WIFI
74:4a:a4:a8:49:ec,Henriel,[WPA2-PSK-CCMP][ESS],10/28/2017 13:04,11,-89,14.65916698,121.0685424,126,6.06799984,WIFI
14:9a:10:f9:3a:6e,ewwww,[WPA2-PSK-CCMP][WPS][ESS],10/28/2017 13:04,11,-78,14.65916698,121.0685424,126,6.06799984,WIFI
24:79:2a:21:35:1c,DILNET-WIFI,[ESS],10/28/2017 13:04,58,-89,14.65916698,121.0685424,126,6.06799984,WIFI
24:79:2a:21:11:68,DILNET-WIFI,[ESS],10/28/2017 13:04,6,-85,14.65916698,121.0685424,126,6.06799984,WIFI
70:72:3c:e5:aa:98,Spudbutt,[WPA-PSK-CCMP+TKIP][WPA2-PSK-CCMP+TKIP][WPS][ESS],10/28/2017 13:04,11,-78,14.65916698,121.0685424,126,6.06799984,WIFI
1c:b9:c4:20:b4:8c,#SmartWifi @UPDiliman,[ESS],10/28/2017 13:04,36,-86,14.65916698,121.0685424,126,6.06799984,WIFI
51502_30203_210495282,Globe,HSPA;ph,10/28/2017 13:04,0,-91,14.65916698,121.0685424,126,6.06799984,GSM
1c:b9:c4:20:b4:88,#SmartWifi @UPDiliman,[ESS],10/28/2017 13:04,1,-78,14.65916698,121.0685424,126,6.06799984,WIFI
20:08:ed:32:db:da,SMART-BRO-DBDA,[WPA2-PSK-CCMP][WPS][ESS],10/28/2017 13:04,2,-86,14.65916698,121.0685424,126,6.06799984,WIFI
24:79:2a:21:11:6c,DILNET-WIFI,[ESS],10/28/2017 13:04,5580,-84,14.65916698,121.0685424,126,6.06799984,WIFI
70:72:3c:e5:aa:98,Spudbutt,[WPA-PSK-CCMP+TKIP][WPA2-PSK-CCMP+TKIP][WPS][ESS],10/28/2017 13:04,11,-69,14.65927039,121.0684436,116,6.06799984,WIFI
74:91:1a:28:f8:78,DILNET-WIFI,[ESS],10/28/2017 13:04,6,-83,14.65927039,121.0684436,116,6.06799984,WIFI
bc:c0:0f:20:2e:e8,,[WPA-PSK-CCMP+TKIP][WPA2-PSK-CCMP+TKIP][ESS],10/28/2017 13:04,9,-83,14.65927039,121.0684436,116,6.06799984,WIFI
78:44:76:cb:c9:54,KALAYAAN-ADMIN,[WPA2-PSK-CCMP][ESS],10/28/2017 13:04,11,-85,14.65926852,121.0683915,114,4.550999641,WIFI
6c:3b:6b:ca:a0:d5,bnetsMesh,[WPA2-PSK-CCMP][WPS][ESS],10/28/2017 13:05,52,-81,14.65923609,121.0682391,110,4.550999641,WIFI
6c:3b:6b:ca:a0:d5,bnetsMesh,[WPA2-PSK-CCMP][WPS][ESS],10/28/2017 13:05,52,-76,14.65925241,121.0681008,110,4.550999641,WIFI
74:cc:39:8b:b8:28,,[WPA-PSK-CCMP+TKIP][WPA2-PSK-CCMP+TKIP][ESS],10/28/2017 13:05,6,-88,14.65922841,121.0679829,110,4.550999641,WIFI
e0:8e:3c:1a:ea:ab,bayanDSLWIFI_EAAB,[WPA-PSK-CCMP+TKIP][WPA2-PSK-CCMP+TKIP][ESS],10/28/2017 13:05,1,-84,14.65922841,121.0679829,110,4.550999641,WIFI
d0:04:92:01:a3:10,PLDTHOMEFIBR_01a310,[WPA-PSK-CCMP+TKIP][WPA2-PSK-CCMP+TKIP][WPS][ESS],10/28/2017 13:05,3,-86,14.65922841,121.0679829,110,4.550999641,WIFI
00:90:0e:06:71:10,WitTEA WiFi Vendo,[ESS],10/28/2017 13:05,6,-86,14.65922222,121.0679549,110,4.550999641,WIFI
74:cc:39:30:4a:e0,PLDTHOMEFIBR_Maganda_Si_Girlie,[WPA-PSK-CCMP+TKIP][WPA2-PSK-CCMP+TKIP][WPS][ESS],10/28/2017 13:05,3,-88,14.65920987,121.0677919,111,4.550999641,WIFI
bc:c0:0f:20:2e:e8,,[WPA-PSK-CCMP+TKIP][WPA2-PSK-CCMP+TKIP][ESS],10/28/2017 13:05,9,-76,14.65921802,121.0677436,111,4.550999641,WIFI
74:cc:39:8b:b8:28,,[WPA-PSK-CCMP+TKIP][WPA2-PSK-CCMP+TKIP][ESS],10/28/2017 13:05,6,-80,14.65921719,121.0676935,111,4.550999641,WIFI
e0:8e:3c:1a:ea:ab,bayanDSLWIFI_EAAB,[WPA-PSK-CCMP+TKIP][WPA2-PSK-CCMP+TKIP][ESS],10/28/2017 13:05,1,-79,14.65921719,121.0676935,111,4.550999641,WIFI
51502_30232_210465481,Globe,HSPA;ph,10/28/2017 13:05,0,-103,14.65921719,121.0676935,111,4.550999641,GSM
d0:04:92:02:3b:a8,PLDTHOMEFIBR_023ba8,[WPA-PSK-CCMP+TKIP][WPA2-PSK-CCMP+TKIP][WPS][ESS],10/28/2017 13:05,5,-87,14.65920971,121.067651,112,4.550999641,WIFI
aa:a6:68:68:98:c6,Smart Bro_6898C6,[WPA-PSK-CCMP+TKIP][WPA2-PSK-CCMP+TKIP][WPS][ESS],10/28/2017 13:05,1,-88,14.65920971,121.067651,112,4.550999641,WIFI
74:cc:39:8b:b8:28,,[WPA-PSK-CCMP+TKIP][WPA2-PSK-CCMP+TKIP][ESS],10/28/2017 13:06,6,-74,14.65921916,121.0675922,111,4.550999641,WIFI
00:90:0e:06:71:10,WitTEA WiFi Vendo,[ESS],10/28/2017 13:06,6,-80,14.65921916,121.0675922,111,4.550999641,WIFI
51502_30232_210465481,Globe,HSPA;ph,10/28/2017 13:06,0,-97,14.65921916,121.0675922,111,4.550999641,GSM
bc:c0:0f:20:2e:e8,,[WPA-PSK-CCMP+TKIP][WPA2-PSK-CCMP+TKIP][ESS],10/28/2017 13:06,9,-66,14.65921344,121.0675544,112,4.550999641,WIFI
9c:88:ad:a1:62:58,PLDTHOMEFIBRsulla,[WPA-PSK-CCMP+TKIP][WPA2-PSK-CCMP+TKIP][WPS][ESS],10/28/2017 13:06,13,-87,14.65920297,121.0675155,111,4.550999641,WIFI
74:cc:39:8b:b8:28,,[WPA-PSK-CCMP+TKIP][WPA2-PSK-CCMP+TKIP][ESS],10/28/2017 13:06,6,-65,14.65919548,121.0674654,112,4.550999641,WIFI
00:90:0e:06:71:10,WitTEA WiFi Vendo,[ESS],10/28/2017 13:06,6,-75,14.65919548,121.0674654,112,4.550999641,WIFI
bc:c0:0f:20:2e:e8,,[WPA-PSK-CCMP+TKIP][WPA2-PSK-CCMP+TKIP][ESS],10/28/2017 13:06,9,-61,14.65919548,121.0674654,112,4.550999641,WIFI
d4:ae:05:fb:b8:fb,AndroidAP,[WPA2-PSK-CCMP][ESS],10/28/2017 13:06,6,-89,14.65919548,121.0674654,112,4.550999641,WIFI
cc:06:77:62:de:88,PLDTHOMEFIBR2de88,[WPA-PSK-TKIP][WPA2-PSK-CCMP][ESS],10/28/2017 13:06,6,-89,14.6591976,121.0674322,112,4.550999641,WIFI
00:90:0e:06:71:10,WitTEA WiFi Vendo,[ESS],10/28/2017 13:06,6,-66,14.65919201,121.067333,112,4.550999641,WIFI
51502_30232_210478234,Globe,HSPA;ph,10/28/2017 13:06,0,-97,14.65919201,121.067333,112,4.550999641,GSM
00:90:0e:06:71:10,WitTEA WiFi Vendo,[ESS],10/28/2017 13:06,6,-57,14.65919372,121.0672846,112,4.550999641,WIFI
cc:06:77:6f:f3:c4,preg0,[WPA-PSK-TKIP][WPA2-PSK-CCMP][ESS],10/28/2017 13:06,36,-88,14.65920948,121.0671824,115,4.550999641,WIFI
cc:06:77:6f:f3:c0,prego,[WPA-PSK-TKIP][WPA2-PSK-CCMP][ESS],10/28/2017 13:06,9,-83,14.65924837,121.0671526,116,4.550999641,WIFI
d4:ae:05:fb:b8:fb,AndroidAP,[WPA2-PSK-CCMP][ESS],10/28/2017 13:06,6,-83,14.65924837,121.0671526,116,4.550999641,WIFI
74:cc:39:30:b4:60,PLDTHOMEFIBR_30b460,[WPA2-PSK-CCMP][WPS][ESS],10/28/2017 13:06,11,-88,14.65924837,121.0671526,116,4.550999641,WIFI
00:21:29:c8:e2:1c,ERP,[WPA2-PSK-CCMP][WPS][ESS],10/28/2017 13:06,6,-88,14.65924837,121.0671526,116,4.550999641,WIFI
48:f8:b3:d3:91:33,PLDTFiber2F-1 (2.4Ghz),[WPA2-PSK-CCMP][WPS][ESS],10/28/2017 13:06,4,-89,14.65924837,121.0671526,116,4.550999641,WIFI
60:31:97:dc:e5:74,PLDTBIZ-CKC,[WPA-PSK-CCMP+TKIP][WPA2-PSK-CCMP+TKIP][ESS],10/28/2017 13:06,13,-89,14.65924837,121.0671526,116,4.550999641,WIFI
6c:3b:6b:ca:a3:ed,bnetsMesh,[WPA-PSK-CCMP][WPA2-PSK-CCMP][WPS][ESS],10/28/2017 13:06,52,-88,14.659291,121.06712,118,4.550999641,WIFI
6c:3b:6b:ca:a5:97,bnetsMesh,[WPA-PSK-CCMP][WPA2-PSK-CCMP][WPS][ESS],10/28/2017 13:06,52,-89,14.659291,121.06712,118,4.550999641,WIFI
34:ba:9a:57:05:27,BahalaKaSaWifiMo,[WPA-PSK-CCMP+TKIP][WPA2-PSK-CCMP+TKIP][WPS][ESS],10/28/2017 13:06,7,-88,14.65933402,121.0671133,120,4.550999641,WIFI
d0:04:92:02:3b:a8,PLDTHOMEFIBR_023ba8,[WPA-PSK-CCMP+TKIP][WPA2-PSK-CCMP+TKIP][WPS][ESS],10/28/2017 13:06,5,-82,14.65942575,121.0670797,120,4.550999641,WIFI
34:ba:9a:57:05:27,BahalaKaSaWifiMo,[WPA-PSK-CCMP+TKIP][WPA2-PSK-CCMP+TKIP][WPS][ESS],10/28/2017 13:06,7,-81,14.65942575,121.0670797,120,4.550999641,WIFI
6c:3b:6b:ca:a0:d5,bnetsMesh,[WPA2-PSK-CCMP][WPS][ESS],10/28/2017 13:06,52,-88,14.65942575,121.0670797,120,4.550999641,WIFI
cc:06:77:6f:f3:c0,prego,[WPA-PSK-TKIP][WPA2-PSK-CCMP][ESS],10/28/2017 13:07,9,-71,14.65953442,121.0670882,123,4.550999641,WIFI
d0:04:92:02:3b:a8,PLDTHOMEFIBR_023ba8,[WPA-PSK-CCMP+TKIP][WPA2-PSK-CCMP+TKIP][WPS][ESS],10/28/2017 13:07,5,-76,14.65953442,121.0670882,123,4.550999641,WIFI
34:ba:9a:57:05:27,BahalaKaSaWifiMo,[WPA-PSK-CCMP+TKIP][WPA2-PSK-CCMP+TKIP][WPS][ESS],10/28/2017 13:07,7,-68,14.65953442,121.0670882,123,4.550999641,WIFI
cc:06:77:6f:f3:c4,preg0,[WPA-PSK-TKIP][WPA2-PSK-CCMP][ESS],10/28/2017 13:07,36,-73,14.65953442,121.0670882,123,4.550999641,WIFI
00:13:33:d9:60:52,PLDTHOMEDSL_SANDOVAL,[WPA-PSK-CCMP+TKIP][WPA2-PSK-CCMP+TKIP][ESS],10/28/2017 13:07,11,-86,14.65953442,121.0670882,123,4.550999641,WIFI
51502_30203_210477573,Globe,HSPA;ph,10/28/2017 13:07,0,-97,14.65953442,121.0670882,123,4.550999641,GSM
cc:06:77:6f:f3:c0,prego,[WPA-PSK-TKIP][WPA2-PSK-CCMP][ESS],10/28/2017 13:07,9,-65,14.65959002,121.0671013,123,4.550999641,WIFI
6c:3b:6b:ca:a0:d5,bnetsMesh,[WPA2-PSK-CCMP][WPS][ESS],10/28/2017 13:07,52,-83,14.65959002,121.0671013,123,4.550999641,WIFI
6c:3b:6b:ca:a3:ed,bnetsMesh,[WPA-PSK-CCMP][WPA2-PSK-CCMP][WPS][ESS],10/28/2017 13:07,52,-78,14.65959002,121.0671013,123,4.550999641,WIFI
cc:06:77:6f:f3:c4,preg0,[WPA-PSK-TKIP][WPA2-PSK-CCMP][ESS],10/28/2017 13:07,36,-61,14.65959002,121.0671013,123,4.550999641,WIFI
e0:8e:3c:1b:6d:7f,art circle gallery,[WPA-PSK-CCMP+TKIP][WPA2-PSK-CCMP+TKIP][ESS],10/28/2017 13:07,1,-88,14.65959002,121.0671013,123,4.550999641,WIFI
6c:19:8f:c3:ad:2c,searching....,[WPA-PSK-CCMP+TKIP][WPA2-PSK-CCMP+TKIP][ESS],10/28/2017 13:07,9,-88,14.65959002,121.0671013,123,4.550999641,WIFI
d0:04:92:02:3b:a8,PLDTHOMEFIBR_023ba8,[WPA-PSK-CCMP+TKIP][WPA2-PSK-CCMP+TKIP][WPS][ESS],10/28/2017 13:07,5,-67,14.6596321,121.067101,124,4.550999641,WIFI
6c:3b:6b:ca:a5:97,bnetsMesh,[WPA-PSK-CCMP][WPA2-PSK-CCMP][WPS][ESS],10/28/2017 13:07,52,-83,14.6596321,121.067101,124,4.550999641,WIFI
34:ba:9a:57:05:27,BahalaKaSaWifiMo,[WPA-PSK-CCMP+TKIP][WPA2-PSK-CCMP+TKIP][WPS][ESS],10/28/2017 13:07,7,-60,14.6596321,121.067101,124,4.550999641,WIFI
74:cc:39:30:f4:f8,PLDTHOMEFIBR_30f4f8,[WPA-PSK-CCMP+TKIP][WPA2-PSK-CCMP+TKIP][WPS][ESS],10/28/2017 13:07,10,-86,14.6596321,121.067101,124,4.550999641,WIFI
cc:06:77:6f:f3:c0,prego,[WPA-PSK-TKIP][WPA2-PSK-CCMP][ESS],10/28/2017 13:07,9,-58,14.65967051,121.0671387,120,4.550999641,WIFI
6c:3b:6b:ca:a0:d5,bnetsMesh,[WPA2-PSK-CCMP][WPS][ESS],10/28/2017 13:07,52,-76,14.65967051,121.0671387,120,4.550999641,WIFI
74:cc:39:87:37:f8,,[WPA-PSK-CCMP+TKIP][WPA2-PSK-CCMP+TKIP][ESS],10/28/2017 13:07,11,-86,14.65967051,121.0671387,120,4.550999641,WIFI
94:46:96:1d:8a:21,PLDTHOMEDSL7J7A0,[WPA-PSK-CCMP+TKIP][WPA2-PSK-CCMP+TKIP][ESS],10/28/2017 13:07,10,-87,14.65967051,121.0671387,120,4.550999641,WIFI
6c:19:8f:c3:ad:2e,dlink-AD2C-5GHz,[WPA-PSK-CCMP+TKIP][WPA2-PSK-CCMP+TKIP][ESS],10/28/2017 13:07,149,-89,14.65967051,121.0671387,120,4.550999641,WIFI
e0:8e:3c:22:2a:0b,bayanDSLWIFI_2A0B,[WPA-PSK-CCMP+TKIP][WPA2-PSK-CCMP+TKIP][ESS],10/28/2017 13:07,11,-86,14.65967051,121.0671387,120,4.550999641,WIFI
d0:04:92:10:fb:d8,PLDTHOMEFIBRNoNetworkAvailable,[WPA-PSK-CCMP+TKIP][WPA2-PSK-CCMP+TKIP][WPS][ESS],10/28/2017 13:07,12,-87,14.65967051,121.0671387,120,4.550999641,WIFI
74:cc:39:3c:f4:90,PLDTHOMEFIBRLG,[WPA-PSK-CCMP+TKIP][WPA2-PSK-CCMP+TKIP][WPS][ESS],10/28/2017 13:07,6,-88,14.65967051,121.0671387,120,4.550999641,WIFI
6c:19:8f:c3:ad:2e,dlink-AD2C-5GHz,[WPA-PSK-CCMP+TKIP][WPA2-PSK-CCMP+TKIP][ESS],10/28/2017 13:07,149,-83,14.65968487,121.067199,118,4.550999641,WIFI
d0:04:92:10:fb:d8,PLDTHOMEFIBRNoNetworkAvailable,[WPA-PSK-CCMP+TKIP][WPA2-PSK-CCMP+TKIP][WPS][ESS],10/28/2017 13:07,12,-80,14.65968487,121.067199,118,4.550999641,WIFI
51502_20213_13178,Globe,EDGE;ph,10/28/2017 13:07,0,-83,14.65968487,121.067199,118,4.550999641,GSM
6c:19:8f:c3:ad:2c,searching....,[WPA-PSK-CCMP+TKIP][WPA2-PSK-CCMP+TKIP][ESS],10/28/2017 13:07,9,-78,14.65968683,121.0672562,118,4.550999641,WIFI
cc:06:77:62:de:8c,PLDTHOMEFIBR5G2de88,[WPA-PSK-TKIP][WPA2-PSK-CCMP][ESS],10/28/2017 13:07,36,-88,14.65968683,121.0672562,118,4.550999641,WIFI
74:cc:39:3c:f4:90,PLDTHOMEFIBRLG,[WPA-PSK-CCMP+TKIP][WPA2-PSK-CCMP+TKIP][WPS][ESS],10/28/2017 13:07,6,-80,14.65967656,121.0673093,118,4.550999641,WIFI
00:26:75:b7:9c:46,shinigami,[WPA-PSK-CCMP+TKIP][WPA2-PSK-CCMP+TKIP][WPS][ESS],10/28/2017 13:07,1,-83,14.65967656,121.0673093,118,4.550999641,WIFI
6c:3b:6b:ca:a0:d5,bnetsMesh,[WPA2-PSK-CCMP][WPS][ESS],10/28/2017 13:07,52,-71,14.65967067,121.0673637,117,4.550999641,WIFI
6c:19:8f:c3:ad:2c,searching....,[WPA-PSK-CCMP+TKIP][WPA2-PSK-CCMP+TKIP][ESS],10/28/2017 13:07,9,-70,14.65967067,121.0673637,117,4.550999641,WIFI
6c:19:8f:c3:ad:2e,dlink-AD2C-5GHz,[WPA-PSK-CCMP+TKIP][WPA2-PSK-CCMP+TKIP][ESS],10/28/2017 13:07,149,-74,14.65967067,121.0673637,117,4.550999641,WIFI
74:cc:39:3c:f4:90,PLDTHOMEFIBRLG,[WPA-PSK-CCMP+TKIP][WPA2-PSK-CCMP+TKIP][WPS][ESS],10/28/2017 13:07,6,-68,14.65967067,121.0673637,117,4.550999641,WIFI
74:cc:39:8a:bd:18,PLDTHOMEFIBRabd18,[WPA-PSK-CCMP+TKIP][WPA2-PSK-CCMP+TKIP][ESS],10/28/2017 13:07,8,-78,14.65967067,121.0673637,117,4.550999641,WIFI
cc:06:77:62:de:88,PLDTHOMEFIBR2de88,[WPA-PSK-TKIP][WPA2-PSK-CCMP][ESS],10/28/2017 13:07,6,-84,14.65967067,121.0673637,117,4.550999641,WIFI
4c:09:b4:a2:49:a1,bayanDSL,[WPA-PSK-CCMP+TKIP][ESS],10/28/2017 13:07,1,-85,14.65967067,121.0673637,117,4.550999641,WIFI
6c:19:8f:c3:ad:2c,searching....,[WPA-PSK-CCMP+TKIP][WPA2-PSK-CCMP+TKIP][ESS],10/28/2017 13:07,9,-58,14.6596709,121.0674143,118,4.550999641,WIFI
74:cc:39:87:37:f8,,[WPA-PSK-CCMP+TKIP][WPA2-PSK-CCMP+TKIP][ESS],10/28/2017 13:07,11,-78,14.6596709,121.0674143,118,4.550999641,WIFI
74:cc:39:8a:bd:18,PLDTHOMEFIBRabd18,[WPA-PSK-CCMP+TKIP][WPA2-PSK-CCMP+TKIP][ESS],10/28/2017 13:07,8,-72,14.6596709,121.0674143,118,4.550999641,WIFI
cc:06:77:62:de:88,PLDTHOMEFIBR2de88,[WPA-PSK-TKIP][WPA2-PSK-CCMP][ESS],10/28/2017 13:07,6,-77,14.6596709,121.0674143,118,4.550999641,WIFI
bc:98:89:12:fa:20,PLDTHOMEFIBR_12fa20,[WPA-PSK-CCMP+TKIP][WPA2-PSK-CCMP+TKIP][WPS][ESS],10/28/2017 13:07,9,-89,14.6596709,121.0674143,118,4.550999641,WIFI
94:46:96:1d:8a:21,PLDTHOMEDSL7J7A0,[WPA-PSK-CCMP+TKIP][WPA2-PSK-CCMP+TKIP][ESS],10/28/2017 13:07,10,-77,14.65965988,121.0674582,118,4.550999641,WIFI
cc:06:77:62:de:8c,PLDTHOMEFIBR5G2de88,[WPA-PSK-TKIP][WPA2-PSK-CCMP][ESS],10/28/2017 13:07,36,-81,14.65965988,121.0674582,118,4.550999641,WIFI
bc:98:89:12:fa:20,PLDTHOMEFIBR_12fa20,[WPA-PSK-CCMP+TKIP][WPA2-PSK-CCMP+TKIP][WPS][ESS],10/28/2017 13:07,9,-78,14.65965988,121.0674582,118,4.550999641,WIFI
cc:06:77:62:de:8c,PLDTHOMEFIBR5G2de88,[WPA-PSK-TKIP][WPA2-PSK-CCMP][ESS],10/28/2017 13:07,36,-73,14.65965478,121.0675042,118,4.550999641,WIFI
aa:a6:68:68:98:c6,Smart Bro_6898C6,[WPA-PSK-CCMP+TKIP][WPA2-PSK-CCMP+TKIP][WPS][ESS],10/28/2017 13:07,1,-82,14.65965478,121.0675042,118,4.550999641,WIFI
64:d1:54:2e:20:40,BNETS_2E2040,[WPA2-PSK-CCMP][WPS][ESS],10/28/2017 13:07,3,-88,14.65965478,121.0675042,118,4.550999641,WIFI
00:f4:6f:39:15:b3,AndroidAP,[WPA2-PSK-CCMP][ESS],10/28/2017 13:07,6,-85,14.65965478,121.0675042,118,4.550999641,WIFI
00:13:33:e1:c5:73,PLDTHOMEDSL_GUS,[WPA-PSK-CCMP+TKIP][WPA2-PSK-CCMP+TKIP][ESS],10/28/2017 13:07,11,-90,14.65965478,121.0675042,118,4.550999641,WIFI
98:fc:11:c7:06:38,We have internet you dont,[WPS][WEP][ESS],10/28/2017 13:07,6,-87,14.65965478,121.0675042,118,4.550999641,WIFI
66:d1:54:2e:20:40,BAYANIHANETS,[ESS],10/28/2017 13:07,3,-87,14.65965478,121.0675042,118,4.550999641,WIFI
6c:3b:6b:ca:a0:d5,bnetsMesh,[WPA2-PSK-CCMP][WPS][ESS],10/28/2017 13:07,52,-61,14.65964153,121.0675486,118,4.550999641,WIFI
94:46:96:1d:8a:21,PLDTHOMEDSL7J7A0,[WPA-PSK-CCMP+TKIP][WPA2-PSK-CCMP+TKIP][ESS],10/28/2017 13:07,10,-60,14.65964153,121.0675486,118,4.550999641,WIFI
bc:98:89:12:fa:20,PLDTHOMEFIBR_12fa20,[WPA-PSK-CCMP+TKIP][WPA2-PSK-CCMP+TKIP][WPS][ESS],10/28/2017 13:07,9,-68,14.65964153,121.0675486,118,4.550999641,WIFI
00:13:33:e1:c5:73,PLDTHOMEDSL_GUS,[WPA-PSK-CCMP+TKIP][WPA2-PSK-CCMP+TKIP][ESS],10/28/2017 13:07,11,-70,14.65964153,121.0675486,118,4.550999641,WIFI
98:fc:11:c7:06:38,We have internet you dont,[WPS][WEP][ESS],10/28/2017 13:07,6,-82,14.65964153,121.0675486,118,4.550999641,WIFI
9c:88:ad:a1:62:58,PLDTHOMEFIBRsulla,[WPA-PSK-CCMP+TKIP][WPA2-PSK-CCMP+TKIP][WPS][ESS],10/28/2017 13:07,13,-79,14.65964153,121.0675486,118,4.550999641,WIFI
18:a3:e8:1f:7f:28,SORRYNOTSORRY,[WPA-PSK-CCMP+TKIP][WPA2-PSK-CCMP+TKIP][WPS][ESS],10/28/2017 13:07,6,-87,14.65964153,121.0675486,118,4.550999641,WIFI
5c:f2:86:2e:f9:af,kmfrwifi,[WPA-PSK-CCMP+TKIP][WPA2-PSK-CCMP+TKIP][WPS][ESS],10/28/2017 13:07,8,-91,14.65964153,121.0675486,118,4.550999641,WIFI
cc:06:77:62:de:88,PLDTHOMEFIBR2de88,[WPA-PSK-TKIP][WPA2-PSK-CCMP][ESS],10/28/2017 13:07,6,-66,14.6596357,121.0675935,117,4.550999641,WIFI
aa:a6:68:68:98:c6,Smart Bro_6898C6,[WPA-PSK-CCMP+TKIP][WPA2-PSK-CCMP+TKIP][WPS][ESS],10/28/2017 13:07,1,-77,14.6596357,121.0675935,117,4.550999641,WIFI
cc:06:77:21:04:28,Houseofgonz1,[WPA-PSK-TKIP][WPA2-PSK-CCMP][ESS],10/28/2017 13:07,11,-85,14.6596357,121.0675935,117,4.550999641,WIFI
51502_20213_13110,Globe,EDGE;ph,10/28/2017 13:07,0,-99,14.6596357,121.0675935,117,4.550999641,GSM
d0:04:92:01:a3:10,PLDTHOMEFIBR_01a310,[WPA-PSK-CCMP+TKIP][WPA2-PSK-CCMP+TKIP][WPS][ESS],10/28/2017 13:08,3,-76,14.65965511,121.0676426,117,4.550999641,WIFI
28:ff:3e:3d:e9:b5,bayandslENRIQUEZ,[WPA-PSK-CCMP+TKIP][WPA2-PSK-CCMP+TKIP][WPS][ESS],10/28/2017 13:08,10,-85,14.65965511,121.0676426,117,4.550999641,WIFI
00:13:33:e1:c5:73,PLDTHOMEDSL_GUS,[WPA-PSK-CCMP+TKIP][WPA2-PSK-CCMP+TKIP][ESS],10/28/2017 13:08,11,-62,14.65966421,121.0676944,116,4.550999641,WIFI
74:cc:39:30:4a:e0,PLDTHOMEFIBR_Maganda_Si_Girlie,[WPA-PSK-CCMP+TKIP][WPA2-PSK-CCMP+TKIP][WPS][ESS],10/28/2017 13:08,3,-77,14.65966421,121.0676944,116,4.550999641,WIFI
cc:06:77:21:04:2c,Houseofgonz1,[WPA-PSK-TKIP][WPA2-PSK-CCMP][ESS],10/28/2017 13:08,36,-80,14.65966421,121.0676944,116,4.550999641,WIFI
51502_20213_13110,Globe,EDGE;ph,10/28/2017 13:08,0,-93,14.65966421,121.0676944,116,4.550999641,GSM
aa:a6:68:68:98:c6,Smart Bro_6898C6,[WPA-PSK-CCMP+TKIP][WPA2-PSK-CCMP+TKIP][WPS][ESS],10/28/2017 13:08,1,-72,14.65965389,121.0677406,116,4.550999641,WIFI
cc:06:77:21:04:28,Houseofgonz1,[WPA-PSK-TKIP][WPA2-PSK-CCMP][ESS],10/28/2017 13:08,11,-73,14.65965389,121.0677406,116,4.550999641,WIFI
18:a3:e8:1f:7f:28,SORRYNOTSORRY,[WPA-PSK-CCMP+TKIP][WPA2-PSK-CCMP+TKIP][WPS][ESS],10/28/2017 13:08,6,-78,14.65965389,121.0677406,116,4.550999641,WIFI
cc:06:77:21:04:28,Houseofgonz1,[WPA-PSK-TKIP][WPA2-PSK-CCMP][ESS],10/28/2017 13:08,11,-62,14.65966218,121.0677937,116,4.550999641,WIFI
cc:06:77:21:04:2c,Houseofgonz1,[WPA-PSK-TKIP][WPA2-PSK-CCMP][ESS],10/28/2017 13:08,36,-68,14.65966218,121.0677937,116,4.550999641,WIFI
00:f4:6f:39:15:b3,AndroidAP,[WPA2-PSK-CCMP][ESS],10/28/2017 13:08,6,-75,14.65966218,121.0677937,116,4.550999641,WIFI
64:d1:54:2e:20:40,BNETS_2E2040,[WPA2-PSK-CCMP][WPS][ESS],10/28/2017 13:08,3,-83,14.65966218,121.0677937,116,4.550999641,WIFI
66:d1:54:2e:20:40,BAYANIHANETS,[ESS],10/28/2017 13:08,3,-79,14.65966218,121.0677937,116,4.550999641,WIFI
6c:3b:6b:ca:a0:d5,bnetsMesh,[WPA2-PSK-CCMP][WPS][ESS],10/28/2017 13:08,52,-53,14.65964833,121.0678435,117,4.550999641,WIFI
00:f4:6f:39:15:b3,AndroidAP,[WPA2-PSK-CCMP][ESS],10/28/2017 13:08,6,-69,14.65964833,121.0678435,117,4.550999641,WIFI
64:d1:54:2e:20:40,BNETS_2E2040,[WPA2-PSK-CCMP][WPS][ESS],10/28/2017 13:08,3,-71,14.65964833,121.0678435,117,4.550999641,WIFI
66:d1:54:2e:20:40,BAYANIHANETS,[ESS],10/28/2017 13:08,3,-69,14.65964833,121.0678435,117,4.550999641,WIFI
64:d1:54:2e:20:3f,BNETS_2E2040-5G,[WPA2-PSK-CCMP][WPS][ESS],10/28/2017 13:08,48,-79,14.65964833,121.0678435,117,4.550999641,WIFI
5c:f2:86:2e:f9:af,kmfrwifi,[WPA-PSK-CCMP+TKIP][WPA2-PSK-CCMP+TKIP][WPS][ESS],10/28/2017 13:08,8,-84,14.65964833,121.0678435,117,4.550999641,WIFI
64:d1:54:2e:20:40,BNETS_2E2040,[WPA2-PSK-CCMP][WPS][ESS],10/28/2017 13:08,3,-58,14.65963488,121.0678928,116,4.550999641,WIFI
66:d1:54:2e:20:40,BAYANIHANETS,[ESS],10/28/2017 13:08,3,-58,14.65963488,121.0678928,116,4.550999641,WIFI
64:d1:54:2e:20:3f,BNETS_2E2040-5G,[WPA2-PSK-CCMP][WPS][ESS],10/28/2017 13:08,48,-69,14.65963488,121.0678928,116,4.550999641,WIFI
5c:f2:86:2e:f9:af,kmfrwifi,[WPA-PSK-CCMP+TKIP][WPA2-PSK-CCMP+TKIP][WPS][ESS],10/28/2017 13:08,8,-77,14.65963488,121.0678928,116,4.550999641,WIFI
e0:8e:3c:21:e0:b3,WIFI NI ATE BABES,[WPA-PSK-CCMP+TKIP][WPA2-PSK-CCMP+TKIP][ESS],10/28/2017 13:08,11,-82,14.65963488,121.0678928,116,4.550999641,WIFI
28:10:7b:64:82:34,Web796ZB5591deeds,[WPA-PSK-CCMP+TKIP][WPA2-PSK-CCMP+TKIP][WPS][ESS],10/28/2017 13:08,8,-82,14.65963488,121.0678928,116,4.550999641,WIFI
4c:81:20:92:04:be,PLDTHOMEDSL204BE,[WPA-PSK-CCMP+TKIP][WPA2-PSK-CCMP+TKIP][WPS][ESS],10/28/2017 13:08,7,-86,14.65963488,121.0678928,116,4.550999641,WIFI
d0:04:92:01:a3:10,PLDTHOMEFIBR_01a310,[WPA-PSK-CCMP+TKIP][WPA2-PSK-CCMP+TKIP][WPS][ESS],10/28/2017 13:08,3,-70,14.65963926,121.0679461,115,4.550999641,WIFI
5c:f2:86:2e:f9:af,kmfrwifi,[WPA-PSK-CCMP+TKIP][WPA2-PSK-CCMP+TKIP][WPS][ESS],10/28/2017 13:08,8,-68,14.65963926,121.0679461,115,4.550999641,WIFI
4c:81:20:92:04:be,PLDTHOMEDSL204BE,[WPA-PSK-CCMP+TKIP][WPA2-PSK-CCMP+TKIP][WPS][ESS],10/28/2017 13:08,7,-79,14.65963926,121.0679461,115,4.550999641,WIFI
74:cc:39:89:ab:98,PLDTHOMEFIBR9ab98,[WPA-PSK-CCMP+TKIP][WPA2-PSK-CCMP+TKIP][ESS],10/28/2017 13:08,1,-78,14.65963926,121.0679461,115,4.550999641,WIFI
28:ff:3e:3d:e9:b5,bayandslENRIQUEZ,[WPA-PSK-CCMP+TKIP][WPA2-PSK-CCMP+TKIP][WPS][ESS],10/28/2017 13:08,10,-63,14.65965227,121.0679944,115,4.550999641,WIFI
e0:8e:3c:21:e0:b3,WIFI NI ATE BABES,[WPA-PSK-CCMP+TKIP][WPA2-PSK-CCMP+TKIP][ESS],10/28/2017 13:08,11,-63,14.65965227,121.0679944,115,4.550999641,WIFI
d0:04:92:01:1f:00,PLDTHOMEFIBR_011f00,[WPA-PSK-CCMP+TKIP][WPA2-PSK-CCMP+TKIP][WPS][ESS],10/28/2017 13:08,9,-80,14.65965227,121.0679944,115,4.550999641,WIFI
74:cc:39:89:ab:98,PLDTHOMEFIBR9ab98,[WPA-PSK-CCMP+TKIP][WPA2-PSK-CCMP+TKIP][ESS],10/28/2017 13:08,1,-70,14.65965279,121.0680414,115,4.550999641,WIFI
51502_30203_210478213,Globe,HSPA;ph,10/28/2017 13:08,0,-89,14.65965279,121.0680414,115,4.550999641,GSM
74:cc:39:89:ab:98,PLDTHOMEFIBR9ab98,[WPA-PSK-CCMP+TKIP][WPA2-PSK-CCMP+TKIP][ESS],10/28/2017 13:08,1,-65,14.65965621,121.068061,116,4.550999641,WIFI
00:23:69:38:79:a0,PLDTHOMEFIBR_268830,[WPA-PSK-CCMP+TKIP][WPA2-PSK-CCMP+TKIP][WPS][ESS],10/28/2017 13:08,6,-76,14.65965621,121.068061,116,4.550999641,WIFI
6c:3b:6b:ca:a5:97,bnetsMesh,[WPA-PSK-CCMP][WPA2-PSK-CCMP][WPS][ESS],10/28/2017 13:08,52,-87,14.65966746,121.0681014,116,4.550999641,WIFI
6c:3b:6b:ca:a3:ed,bnetsMesh,[WPA-PSK-CCMP][WPA2-PSK-CCMP][WPS][ESS],10/28/2017 13:08,52,-90,14.65966746,121.0681014,116,4.550999641,WIFI
5c:f2:86:2e:f9:af,kmfrwifi,[WPA-PSK-CCMP+TKIP][WPA2-PSK-CCMP+TKIP][WPS][ESS],10/28/2017 13:08,8,-58,14.6596915,121.0681402,116,4.550999641,WIFI
d0:04:92:01:1f:00,PLDTHOMEFIBR_011f00,[WPA-PSK-CCMP+TKIP][WPA2-PSK-CCMP+TKIP][WPS][ESS],10/28/2017 13:08,9,-74,14.6596915,121.0681402,116,4.550999641,WIFI
74:cc:39:89:cc:d8,IAmTilin,[WPA-PSK-CCMP+TKIP][WPA2-PSK-CCMP+TKIP][ESS],10/28/2017 13:08,6,-86,14.65969049,121.0682353,116,4.550999641,WIFI
51502_30203_210495280,Globe,HSPA;ph,10/28/2017 13:08,0,-99,14.65969049,121.0682353,116,4.550999641,GSM
74:cc:39:89:cc:d8,IAmTilin,[WPA-PSK-CCMP+TKIP][WPA2-PSK-CCMP+TKIP][ESS],10/28/2017 13:08,6,-81,14.65969406,121.0682884,116,4.550999641,WIFI
f0:8c:fb:80:34:48,PLDTHOMEFIBR_803448,[WPA-PSK-CCMP+TKIP][WPA2-PSK-CCMP+TKIP][WPS][ESS],10/28/2017 13:08,9,-77,14.65969406,121.0682884,116,4.550999641,WIFI
00:23:69:38:79:a0,PLDTHOMEFIBR_268830,[WPA-PSK-CCMP+TKIP][WPA2-PSK-CCMP+TKIP][WPS][ESS],10/28/2017 13:08,6,-64,14.6596884,121.0683422,116,4.550999641,WIFI
74:cc:39:89:cc:d8,IAmTilin,[WPA-PSK-CCMP+TKIP][WPA2-PSK-CCMP+TKIP][ESS],10/28/2017 13:08,6,-75,14.6596884,121.0683422,116,4.550999641,WIFI
38:46:08:f3:26:50,bayan DSL,[WPA-PSK-CCMP+TKIP][ESS],10/28/2017 13:08,1,-86,14.6596884,121.0683422,116,4.550999641,WIFI
14:9a:10:f9:3a:6e,ewwww,[WPA2-PSK-CCMP][WPS][ESS],10/28/2017 13:09,11,-70,14.65968839,121.0684364,118,4.550999641,WIFI
d0:04:92:01:1f:00,PLDTHOMEFIBR_011f00,[WPA-PSK-CCMP+TKIP][WPA2-PSK-CCMP+TKIP][WPS][ESS],10/28/2017 13:09,9,-67,14.65975516,121.0685223,117,4.550999641,WIFI
6c:3b:6b:cc:aa:cf,bnetsMesh,[WPA2-PSK-CCMP][WPS][ESS],10/28/2017 13:09,52,-75,14.65975516,121.0685223,117,4.550999641,WIFI
14:9a:10:f9:3a:6e,ewwww,[WPA2-PSK-CCMP][WPS][ESS],10/28/2017 13:09,11,-55,14.65975516,121.0685223,117,4.550999641,WIFI
6c:3b:6b:ca:a0:e7,bnetsMesh,[WPA2-PSK-CCMP][WPS][ESS],10/28/2017 13:09,52,-91,14.65975516,121.0685223,117,4.550999641,WIFI
38:d8:2f:22:80:3c,bayanDSLWiFi_803C,[WPA-PSK-CCMP+TKIP][WPA2-PSK-CCMP+TKIP][WPS][ESS],10/28/2017 13:09,1,-79,14.65975516,121.0685223,117,4.550999641,WIFI
6c:3b:6b:cc:aa:cf,bnetsMesh,[WPA2-PSK-CCMP][WPS][ESS],10/28/2017 13:09,52,-68,14.65992013,121.0685638,107,12.13599968,WIFI
38:d8:2f:22:80:3c,bayanDSLWiFi_803C,[WPA-PSK-CCMP+TKIP][WPA2-PSK-CCMP+TKIP][WPS][ESS],10/28/2017 13:09,1,-67,14.65992013,121.0685638,107,12.13599968,WIFI
bc:c0:0f:d4:42:50,PLDTHOMEFIBR44250,[WPA-PSK-TKIP][WPA2-PSK-CCMP][ESS],10/28/2017 13:09,7,-75,14.65992013,121.0685638,107,12.13599968,WIFI
74:cc:39:ca:4d:08,DILIGUBAT,[WPA2-PSK-CCMP][ESS],10/28/2017 13:09,8,-86,14.65992013,121.0685638,107,12.13599968,WIFI
bc:c0:0f:d4:42:54,PLDTHOMEFIBR5G44250,[WPA-PSK-TKIP][WPA2-PSK-CCMP][ESS],10/28/2017 13:09,36,-88,14.65992013,121.0685638,107,12.13599968,WIFI
9c:6f:52:35:04:03,Gazmen,[WPA-PSK-CCMP+TKIP][WPA2-PSK-CCMP+TKIP][WPS][ESS],10/28/2017 13:09,1,-80,14.65992013,121.0685638,107,12.13599968,WIFI
88:d2:74:86:a8:aa,bayanDSLWIFI_A8AA,[WPA-PSK-CCMP+TKIP][WPA2-PSK-CCMP+TKIP][WPS][ESS],10/28/2017 13:09,3,-86,14.65992013,121.0685638,107,12.13599968,WIFI
9c:6f:52:35:04:03,Gazmen,[WPA-PSK-CCMP+TKIP][WPA2-PSK-CCMP+TKIP][WPS][ESS],10/28/2017 13:09,1,-74,14.66004062,121.0683585,120,12.13599968,WIFI
74:cc:39:ba:dc:c0,PLDTHOMEFIBRadcc0,[WPA-PSK-CCMP+TKIP][WPA2-PSK-CCMP+TKIP][ESS],10/28/2017 13:09,9,-79,14.66004062,121.0683585,120,12.13599968,WIFI
9c:6f:52:35:16:32,YoMommaSoFat,[WPA-PSK-CCMP+TKIP][WPA2-PSK-CCMP+TKIP][WPS][ESS],10/28/2017 13:09,2,-72,14.66004062,121.0683585,120,12.13599968,WIFI
1c:8e:5c:3f:c0:f8,B593_FC0F8,[WPA-PSK-CCMP+TKIP][WPA2-PSK-CCMP+TKIP][ESS],10/28/2017 13:09,1,-84,14.66004062,121.0683585,120,12.13599968,WIFI
bc:c0:0f:c8:6c:5c,g6fiber5,[WPA-PSK-TKIP][WPA2-PSK-CCMP][ESS],10/28/2017 13:09,36,-87,14.66004062,121.0683585,120,12.13599968,WIFI
6c:3b:6b:cc:ab:23,bnetsMesh,[WPA2-PSK-CCMP][WPS][ESS],10/28/2017 13:09,52,-88,14.66004062,121.0683585,120,12.13599968,WIFI
bc:c0:0f:d4:42:50,PLDTHOMEFIBR44250,[WPA-PSK-TKIP][WPA2-PSK-CCMP][ESS],10/28/2017 13:09,7,-69,14.66004062,121.0683585,120,12.13599968,WIFI
9c:6f:52:35:04:03,Gazmen,[WPA-PSK-CCMP+TKIP][WPA2-PSK-CCMP+TKIP][WPS][ESS],10/28/2017 13:09,1,-66,14.66004062,121.0683585,120,12.13599968,WIFI
bc:c0:0f:d4:42:54,PLDTHOMEFIBR5G44250,[WPA-PSK-TKIP][WPA2-PSK-CCMP][ESS],10/28/2017 13:09,36,-68,14.66004062,121.0683585,120,12.13599968,WIFI
1c:8e:5c:3f:c0:f8,B593_FC0F8,[WPA-PSK-CCMP+TKIP][WPA2-PSK-CCMP+TKIP][ESS],10/28/2017 13:09,1,-79,14.66004062,121.0683585,120,12.13599968,WIFI
88:d2:74:86:a8:aa,bayanDSLWIFI_A8AA,[WPA-PSK-CCMP+TKIP][WPA2-PSK-CCMP+TKIP][WPS][ESS],10/28/2017 13:09,3,-69,14.66004062,121.0683585,120,12.13599968,WIFI
74:cc:39:8b:b8:08,The_Peasant_Club,[WPA-PSK-CCMP+TKIP][WPA2-PSK-CCMP+TKIP][ESS],10/28/2017 13:09,10,-86,14.66004062,121.0683585,120,12.13599968,WIFI
74:cc:39:ba:dc:c0,PLDTHOMEFIBRadcc0,[WPA-PSK-CCMP+TKIP][WPA2-PSK-CCMP+TKIP][ESS],10/28/2017 13:09,9,-71,14.66004062,121.0683585,120,12.13599968,WIFI
9c:6f:52:35:16:32,YoMommaSoFat,[WPA-PSK-CCMP+TKIP][WPA2-PSK-CCMP+TKIP][WPS][ESS],10/28/2017 13:09,2,-67,14.66004062,121.0683585,120,12.13599968,WIFI
1c:8e:5c:3f:c0:f8,B593_FC0F8,[WPA-PSK-CCMP+TKIP][WPA2-PSK-CCMP+TKIP][ESS],10/28/2017 13:09,1,-74,14.66004062,121.0683585,120,12.13599968,WIFI
74:cc:39:8b:b8:08,The_Peasant_Club,[WPA-PSK-CCMP+TKIP][WPA2-PSK-CCMP+TKIP][ESS],10/28/2017 13:09,10,-76,14.66004062,121.0683585,120,12.13599968,WIFI
00:1f:fb:c6:6a:a1,Home Network Test,[WPA2-PSK-CCMP][WPS][ESS],10/28/2017 13:09,11,-85,14.66004062,121.0683585,120,12.13599968,WIFI
74:cc:39:bb:02:c8,TRINIDAD.TRINIDAD,[WPA2-PSK-CCMP][WPS][ESS],10/28/2017 13:09,9,-86,14.66004062,121.0683585,120,12.13599968,WIFI
74:cc:39:ba:dc:c0,PLDTHOMEFIBRadcc0,[WPA-PSK-CCMP+TKIP][WPA2-PSK-CCMP+TKIP][ESS],10/28/2017 13:10,9,-65,14.66012411,121.0681253,116,18.20399857,WIFI
1c:8e:5c:3f:c0:f8,B593_FC0F8,[WPA-PSK-CCMP+TKIP][WPA2-PSK-CCMP+TKIP][ESS],10/28/2017 13:10,1,-65,14.66012411,121.0681253,116,18.20399857,WIFI
bc:c0:0f:c8:6c:5c,g6fiber5,[WPA-PSK-TKIP][WPA2-PSK-CCMP][ESS],10/28/2017 13:10,36,-76,14.66012411,121.0681253,116,18.20399857,WIFI
74:cc:39:8b:b8:08,The_Peasant_Club,[WPA-PSK-CCMP+TKIP][WPA2-PSK-CCMP+TKIP][ESS],10/28/2017 13:10,10,-66,14.66012411,121.0681253,116,18.20399857,WIFI
bc:c0:0f:c8:6c:58,g6fiber,[WPA-PSK-TKIP][WPA2-PSK-CCMP][ESS],10/28/2017 13:10,1,-69,14.66012411,121.0681253,116,18.20399857,WIFI
00:13:33:e6:06:3f,PLDTHOMEDSL,[WPA-PSK-CCMP+TKIP][WPA2-PSK-CCMP+TKIP][ESS],10/28/2017 13:10,11,-86,14.66012411,121.0681253,116,18.20399857,WIFI
b4:75:0e:cc:84:ce,Guevara,[WPA-PSK-CCMP+TKIP][WPA2-PSK-CCMP+TKIP][WPS][ESS],10/28/2017 13:10,1,-86,14.66012411,121.0681253,116,18.20399857,WIFI
bc:c0:0f:c8:6c:5c,g6fiber5,[WPA-PSK-TKIP][WPA2-PSK-CCMP][ESS],10/28/2017 13:10,36,-65,14.66012411,121.0681253,116,18.20399857,WIFI
6c:3b:6b:ca:a5:97,bnetsMesh,[WPA-PSK-CCMP][WPA2-PSK-CCMP][WPS][ESS],10/28/2017 13:10,52,-82,14.66012411,121.0681253,116,18.20399857,WIFI
bc:c0:0f:c8:e0:70,PLDTHOMEFIBR8e070,[WPA-PSK-TKIP][WPA2-PSK-CCMP][ESS],10/28/2017 13:10,5,-81,14.66012411,121.0681253,116,18.20399857,WIFI
cc:06:77:23:0c:68,MANONGTIPID22,[WPA-PSK-TKIP][WPA2-PSK-CCMP][ESS],10/28/2017 13:10,11,-84,14.66012411,121.0681253,116,18.20399857,WIFI
74:cc:39:ca:a1:00,Kylee's Fibr Wifi,[WPA-PSK-CCMP+TKIP][WPA2-PSK-CCMP+TKIP][ESS],10/28/2017 13:10,6,-85,14.66012411,121.0681253,116,18.20399857,WIFI
bc:c0:0f:bf:4e:e8,PLDTHOMEFIBRf4ee8,[WPA-PSK-CCMP+TKIP][WPA2-PSK-CCMP+TKIP][ESS],10/28/2017 13:10,8,-87,14.66012411,121.0681253,116,18.20399857,WIFI
08:10:73:60:f2:a8,DeVera_RTR,[WPA-PSK-CCMP+TKIP][WPA2-PSK-CCMP+TKIP][ESS],10/28/2017 13:10,5,-84,14.66012411,121.0681253,116,18.20399857,WIFI
5c:f2:86:24:87:92,SmartBro_248792,[WPA-PSK-CCMP+TKIP][WPA2-PSK-CCMP+TKIP][WPS][ESS],10/28/2017 13:10,8,-86,14.66012411,121.0681253,116,18.20399857,WIFI
bc:c0:0f:c8:6c:5c,g6fiber5,[WPA-PSK-TKIP][WPA2-PSK-CCMP][ESS],10/28/2017 13:10,36,-58,14.66012411,121.0681253,116,18.20399857,WIFI
bc:c0:0f:c8:6c:58,g6fiber,[WPA-PSK-TKIP][WPA2-PSK-CCMP][ESS],10/28/2017 13:10,1,-55,14.66012411,121.0681253,116,18.20399857,WIFI
bc:c0:0f:c8:e0:74,PLDTHOMEFIBR5G8e070,[WPA-PSK-TKIP][WPA2-PSK-CCMP][ESS],10/28/2017 13:10,44,-83,14.66012411,121.0681253,116,18.20399857,WIFI
cc:06:77:23:0c:6c,MANONGTIPID22_5G,[WPA-PSK-TKIP][WPA2-PSK-CCMP][ESS],10/28/2017 13:10,36,-88,14.66012411,121.0681253,116,18.20399857,WIFI
74:cc:39:bb:02:c8,TRINIDAD.TRINIDAD,[WPA2-PSK-CCMP][WPS][ESS],10/28/2017 13:10,9,-77,14.66012411,121.0681253,116,18.20399857,WIFI
00:13:33:e6:06:3f,PLDTHOMEDSL,[WPA-PSK-CCMP+TKIP][WPA2-PSK-CCMP+TKIP][ESS],10/28/2017 13:10,11,-71,14.66012411,121.0681253,116,18.20399857,WIFI
b4:75:0e:cc:84:ce,Guevara,[WPA-PSK-CCMP+TKIP][WPA2-PSK-CCMP+TKIP][WPS][ESS],10/28/2017 13:10,1,-80,14.66012411,121.0681253,116,18.20399857,WIFI
00:26:75:b7:c0:a9,amber_wifi,[WPA-PSK-CCMP+TKIP][WPA2-PSK-CCMP+TKIP][WPS][ESS],10/28/2017 13:10,2,-87,14.66012411,121.0681253,116,18.20399857,WIFI
a4:7e:39:ad:ec:e4,sherlock,[WPA-PSK-CCMP+TKIP][WPA2-PSK-CCMP+TKIP][ESS],10/28/2017 13:10,10,-87,14.66012411,121.0681253,116,18.20399857,WIFI
bc:98:89:9d:4b:70,PLDTHOMEFIBR_DEVERA,[WPA-PSK-CCMP+TKIP][WPA2-PSK-CCMP+TKIP][WPS][ESS],10/28/2017 13:10,12,-89,14.66012411,121.0681253,116,18.20399857,WIFI
08:10:73:60:f2:a8,DeVera_RTR,[WPA-PSK-CCMP+TKIP][WPA2-PSK-CCMP+TKIP][ESS],10/28/2017 13:11,5,-60,14.66016915,121.0675515,155,18.20399857,WIFI
bc:98:89:9d:4b:70,PLDTHOMEFIBR_DEVERA,[WPA-PSK-CCMP+TKIP][WPA2-PSK-CCMP+TKIP][WPS][ESS],10/28/2017 13:11,12,-78,14.66016915,121.0675515,155,18.20399857,WIFI
e0:8e:3c:22:2a:0b,bayanDSLWIFI_2A0B,[WPA-PSK-CCMP+TKIP][WPA2-PSK-CCMP+TKIP][ESS],10/28/2017 13:11,11,-81,14.66016915,121.0675515,155,18.20399857,WIFI
74:cc:39:ba:df:68,PLDTHOMEFIBRadf68,[WPA-PSK-CCMP+TKIP][WPA2-PSK-CCMP+TKIP][ESS],10/28/2017 13:11,3,-81,14.66016915,121.0675515,155,18.20399857,WIFI
b4:30:52:0d:60:13,Vrow,[WPA2-PSK-CCMP][WPS][ESS],10/28/2017 13:11,2,-70,14.66016915,121.0675515,155,18.20399857,WIFI
e0:8e:3c:22:67:77,bayanDSLWIFI_DEVERA,[WPA-PSK-CCMP+TKIP][WPA2-PSK-CCMP+TKIP][ESS],10/28/2017 13:11,1,-68,14.66016915,121.0675515,155,18.20399857,WIFI
94:a7:b7:26:42:31,bayanDSLWIFI_4231,[WPA-PSK-CCMP+TKIP][WPA2-PSK-CCMP+TKIP][WPS][ESS],10/28/2017 13:11,1,-70,14.66016915,121.0675515,155,18.20399857,WIFI
74:cc:39:ba:de:e0,PLDTHOMEFIBRadee0,[WPA-PSK-CCMP+TKIP][WPA2-PSK-CCMP+TKIP][ESS],10/28/2017 13:11,9,-87,14.66016915,121.0675515,155,18.20399857,WIFI
88:d2:74:86:b4:46,bayanDSLWIFI_B446,[WPA-PSK-CCMP+TKIP][WPA2-PSK-CCMP+TKIP][WPS][ESS],10/28/2017 13:11,8,-78,14.66016915,121.0675515,155,18.20399857,WIFI
74:cc:39:ba:dd:78,PLDTHOMEFIBRadd78,[WPA-PSK-CCMP+TKIP][WPA2-PSK-CCMP+TKIP][ESS],10/28/2017 13:11,6,-87,14.66016915,121.0675515,155,18.20399857,WIFI
6c:3b:6b:ca:a0:d5,bnetsMesh,[WPA2-PSK-CCMP][WPS][ESS],1/1/1970 8:00,52,-65,14.65989891,121.0709946,0,62.01480484,WIFI
74:cc:39:ba:dc:c0,PLDTHOMEFIBRadcc0,[WPA-PSK-CCMP+TKIP][WPA2-PSK-CCMP+TKIP][ESS],1/1/1970 8:00,9,-72,14.65989891,121.0709946,0,62.01480484,WIFI
9c:6f:52:35:16:32,YoMommaSoFat,[WPA-PSK-CCMP+TKIP][WPA2-PSK-CCMP+TKIP][WPS][ESS],1/1/1970 8:00,2,-80,14.65989891,121.0709946,0,62.01480484,WIFI
1c:8e:5c:3f:c0:f8,B593_FC0F8,[WPA-PSK-CCMP+TKIP][WPA2-PSK-CCMP+TKIP][ESS],1/1/1970 8:00,1,-86,14.65989891,121.0709946,0,62.01480484,WIFI
bc:c0:0f:c8:6c:5c,g6fiber5,[WPA-PSK-TKIP][WPA2-PSK-CCMP][ESS],1/1/1970 8:00,36,-74,14.65989891,121.0709946,0,62.01480484,WIFI
6c:3b:6b:ca:a5:97,bnetsMesh,[WPA-PSK-CCMP][WPA2-PSK-CCMP][WPS][ESS],1/1/1970 8:00,52,-86,14.65989891,121.0709946,0,62.01480484,WIFI
00:1f:fb:c6:6a:a1,Home Network Test,[WPA2-PSK-CCMP][WPS][ESS],1/1/1970 8:00,11,-83,14.65989891,121.0709946,0,62.01480484,WIFI
74:cc:39:bb:02:c8,TRINIDAD.TRINIDAD,[WPA2-PSK-CCMP][WPS][ESS],1/1/1970 8:00,9,-67,14.65989891,121.0709946,0,62.01480484,WIFI
bc:c0:0f:c8:6c:58,g6fiber,[WPA-PSK-TKIP][WPA2-PSK-CCMP][ESS],1/1/1970 8:00,1,-71,14.65989891,121.0709946,0,62.01480484,WIFI
00:13:33:e6:06:3f,PLDTHOMEDSL,[WPA-PSK-CCMP+TKIP][WPA2-PSK-CCMP+TKIP][ESS],1/1/1970 8:00,11,-77,14.65989891,121.0709946,0,62.01480484,WIFI
b4:75:0e:cc:84:ce,Guevara,[WPA-PSK-CCMP+TKIP][WPA2-PSK-CCMP+TKIP][WPS][ESS],1/1/1970 8:00,1,-83,14.65989891,121.0709946,0,62.01480484,WIFI
bc:c0:0f:c8:e0:70,PLDTHOMEFIBR8e070,[WPA-PSK-TKIP][WPA2-PSK-CCMP][ESS],1/1/1970 8:00,5,-84,14.65989891,121.0709946,0,62.01480484,WIFI
cc:06:77:23:0c:68,MANONGTIPID22,[WPA-PSK-TKIP][WPA2-PSK-CCMP][ESS],1/1/1970 8:00,11,-88,14.65989891,121.0709946,0,62.01480484,WIFI
74:cc:39:ca:a1:00,Kylee's Fibr Wifi,[WPA-PSK-CCMP+TKIP][WPA2-PSK-CCMP+TKIP][ESS],1/1/1970 8:00,6,-87,14.65989891,121.0709946,0,62.01480484,WIFI
bc:c0:0f:bf:4e:e8,PLDTHOMEFIBRf4ee8,[WPA-PSK-CCMP+TKIP][WPA2-PSK-CCMP+TKIP][ESS],1/1/1970 8:00,8,-85,14.65989891,121.0709946,0,62.01480484,WIFI
08:10:73:60:f2:a8,DeVera_RTR,[WPA-PSK-CCMP+TKIP][WPA2-PSK-CCMP+TKIP][ESS],1/1/1970 8:00,5,-77,14.65989891,121.0709946,0,62.01480484,WIFI
cc:06:77:62:de:8c,PLDTHOMEFIBR5G2de88,[WPA-PSK-TKIP][WPA2-PSK-CCMP][ESS],1/1/1970 8:00,36,-90,14.65989891,121.0709946,0,62.01480484,WIFI
cc:06:77:62:de:88,PLDTHOMEFIBR2de88,[WPA-PSK-TKIP][WPA2-PSK-CCMP][ESS],1/1/1970 8:00,6,-88,14.65989891,121.0709946,0,62.01480484,WIFI
00:26:75:b7:c0:a9,amber_wifi,[WPA-PSK-CCMP+TKIP][WPA2-PSK-CCMP+TKIP][WPS][ESS],1/1/1970 8:00,2,-84,14.65989891,121.0709946,0,62.01480484,WIFI
a4:7e:39:ad:ec:e4,sherlock,[WPA-PSK-CCMP+TKIP][WPA2-PSK-CCMP+TKIP][ESS],1/1/1970 8:00,10,-85,14.65989891,121.0709946,0,62.01480484,WIFI
bc:98:89:9d:4b:70,PLDTHOMEFIBR_DEVERA,[WPA-PSK-CCMP+TKIP][WPA2-PSK-CCMP+TKIP][WPS][ESS],1/1/1970 8:00,12,-89,14.65989891,121.0709946,0,62.01480484,WIFI
88:d2:74:86:b7:75,bayanDSLWIFI_B775,[WPA-PSK-CCMP+TKIP][WPA2-PSK-CCMP+TKIP][WPS][ESS],1/1/1970 8:00,1,-84,14.65989891,121.0709946,0,62.01480484,WIFI
e0:8e:3c:22:2a:0b,bayanDSLWIFI_2A0B,[WPA-PSK-CCMP+TKIP][WPA2-PSK-CCMP+TKIP][ESS],1/1/1970 8:00,11,-88,14.65989891,121.0709946,0,62.01480484,WIFI
bc:c0:0f:bf:4e:ec,PLDTHOMEFIBR5Gf4ee8,[WPA-PSK-CCMP+TKIP][WPA2-PSK-CCMP+TKIP][ESS],1/1/1970 8:00,149,-87,14.65989891,121.0709946,0,62.01480484,WIFI
c0:4a:00:4a:46:44,Fonseca_WIFI,[WPA2-PSK-CCMP][WPS][ESS],1/1/1970 8:00,1,-86,14.65989891,121.0709946,0,62.01480484,WIFI
6c:3b:6b:ca:a0:d5,bnetsMesh,[WPA2-PSK-CCMP][WPS][ESS],1/1/1970 8:00,52,-68,14.65995296,121.0703059,0,62.01480484,WIFI
74:cc:39:ba:dc:c0,PLDTHOMEFIBRadcc0,[WPA-PSK-CCMP+TKIP][WPA2-PSK-CCMP+TKIP][ESS],1/1/1970 8:00,9,-75,14.65995296,121.0703059,0,62.01480484,WIFI
1c:8e:5c:3f:c0:f8,B593_FC0F8,[WPA-PSK-CCMP+TKIP][WPA2-PSK-CCMP+TKIP][ESS],1/1/1970 8:00,1,-86,14.65995296,121.0703059,0,62.01480484,WIFI
bc:c0:0f:c8:6c:5c,g6fiber5,[WPA-PSK-TKIP][WPA2-PSK-CCMP][ESS],1/1/1970 8:00,36,-74,14.65995296,121.0703059,0,62.01480484,WIFI
6c:3b:6b:ca:a5:97,bnetsMesh,[WPA-PSK-CCMP][WPA2-PSK-CCMP][WPS][ESS],1/1/1970 8:00,52,-81,14.65995296,121.0703059,0,62.01480484,WIFI
00:1f:fb:c6:6a:a1,Home Network Test,[WPA2-PSK-CCMP][WPS][ESS],1/1/1970 8:00,11,-82,14.65995296,121.0703059,0,62.01480484,WIFI
74:cc:39:bb:02:c8,TRINIDAD.TRINIDAD,[WPA2-PSK-CCMP][WPS][ESS],1/1/1970 8:00,9,-74,14.65995296,121.0703059,0,62.01480484,WIFI
bc:c0:0f:c8:6c:58,g6fiber,[WPA-PSK-TKIP][WPA2-PSK-CCMP][ESS],1/1/1970 8:00,1,-68,14.65995296,121.0703059,0,62.01480484,WIFI
00:13:33:e6:06:3f,PLDTHOMEDSL,[WPA-PSK-CCMP+TKIP][WPA2-PSK-CCMP+TKIP][ESS],1/1/1970 8:00,11,-74,14.65995296,121.0703059,0,62.01480484,WIFI
b4:75:0e:cc:84:ce,Guevara,[WPA-PSK-CCMP+TKIP][WPA2-PSK-CCMP+TKIP][WPS][ESS],1/1/1970 8:00,1,-83,14.65995296,121.0703059,0,62.01480484,WIFI
74:cc:39:ca:a1:00,Kylee's Fibr Wifi,[WPA-PSK-CCMP+TKIP][WPA2-PSK-CCMP+TKIP][ESS],1/1/1970 8:00,6,-87,14.65995296,121.0703059,0,62.01480484,WIFI
bc:c0:0f:bf:4e:e8,PLDTHOMEFIBRf4ee8,[WPA-PSK-CCMP+TKIP][WPA2-PSK-CCMP+TKIP][ESS],1/1/1970 8:00,8,-77,14.65995296,121.0703059,0,62.01480484,WIFI
08:10:73:60:f2:a8,DeVera_RTR,[WPA-PSK-CCMP+TKIP][WPA2-PSK-CCMP+TKIP][ESS],1/1/1970 8:00,5,-87,14.65995296,121.0703059,0,62.01480484,WIFI
cc:06:77:62:de:8c,PLDTHOMEFIBR5G2de88,[WPA-PSK-TKIP][WPA2-PSK-CCMP][ESS],1/1/1970 8:00,36,-82,14.65995296,121.0703059,0,62.01480484,WIFI
cc:06:77:62:de:88,PLDTHOMEFIBR2de88,[WPA-PSK-TKIP][WPA2-PSK-CCMP][ESS],1/1/1970 8:00,6,-88,14.65995296,121.0703059,0,62.01480484,WIFI
00:26:75:b7:c0:a9,amber_wifi,[WPA-PSK-CCMP+TKIP][WPA2-PSK-CCMP+TKIP][WPS][ESS],1/1/1970 8:00,2,-84,14.65995296,121.0703059,0,62.01480484,WIFI
a4:7e:39:ad:ec:e4,sherlock,[WPA-PSK-CCMP+TKIP][WPA2-PSK-CCMP+TKIP][ESS],1/1/1970 8:00,10,-92,14.65995296,121.0703059,0,62.01480484,WIFI
bc:98:89:9d:4b:70,PLDTHOMEFIBR_DEVERA,[WPA-PSK-CCMP+TKIP][WPA2-PSK-CCMP+TKIP][WPS][ESS],1/1/1970 8:00,12,-85,14.65995296,121.0703059,0,62.01480484,WIFI
88:d2:74:86:b7:75,bayanDSLWIFI_B775,[WPA-PSK-CCMP+TKIP][WPA2-PSK-CCMP+TKIP][WPS][ESS],1/1/1970 8:00,1,-84,14.65995296,121.0703059,0,62.01480484,WIFI
e0:8e:3c:22:2a:0b,bayanDSLWIFI_2A0B,[WPA-PSK-CCMP+TKIP][WPA2-PSK-CCMP+TKIP][ESS],1/1/1970 8:00,11,-88,14.65995296,121.0703059,0,62.01480484,WIFI
bc:c0:0f:bf:4e:ec,PLDTHOMEFIBR5Gf4ee8,[WPA-PSK-CCMP+TKIP][WPA2-PSK-CCMP+TKIP][ESS],1/1/1970 8:00,149,-87,14.65995296,121.0703059,0,62.01480484,WIFI
c0:4a:00:4a:46:44,Fonseca_WIFI,[WPA2-PSK-CCMP][WPS][ESS],1/1/1970 8:00,1,-86,14.65995296,121.0703059,0,62.01480484,WIFI
cc:06:77:6f:ed:34,Fonseca_5G,[WPA-PSK-TKIP][WPA2-PSK-CCMP][ESS],1/1/1970 8:00,36,-84,14.65995296,121.0703059,0,62.01480484,WIFI
74:cc:39:ba:df:68,PLDTHOMEFIBRadf68,[WPA-PSK-CCMP+TKIP][WPA2-PSK-CCMP+TKIP][ESS],1/1/1970 8:00,3,-86,14.65995296,121.0703059,0,62.01480484,WIFI
6c:3b:6b:ca:a0:d5,bnetsMesh,[WPA2-PSK-CCMP][WPS][ESS],1/1/1970 8:00,52,-67,14.66001601,121.0695025,0,62.01480484,WIFI
74:cc:39:ba:dc:c0,PLDTHOMEFIBRadcc0,[WPA-PSK-CCMP+TKIP][WPA2-PSK-CCMP+TKIP][ESS],1/1/1970 8:00,9,-76,14.66001601,121.0695025,0,62.01480484,WIFI
1c:8e:5c:3f:c0:f8,B593_FC0F8,[WPA-PSK-CCMP+TKIP][WPA2-PSK-CCMP+TKIP][ESS],1/1/1970 8:00,1,-86,14.66001601,121.0695025,0,62.01480484,WIFI
bc:c0:0f:c8:6c:5c,g6fiber5,[WPA-PSK-TKIP][WPA2-PSK-CCMP][ESS],1/1/1970 8:00,36,-83,14.66001601,121.0695025,0,62.01480484,WIFI
6c:3b:6b:ca:a5:97,bnetsMesh,[WPA-PSK-CCMP][WPA2-PSK-CCMP][WPS][ESS],1/1/1970 8:00,52,-83,14.66001601,121.0695025,0,62.01480484,WIFI
00:1f:fb:c6:6a:a1,Home Network Test,[WPA2-PSK-CCMP][WPS][ESS],1/1/1970 8:00,11,-82,14.66001601,121.0695025,0,62.01480484,WIFI
74:cc:39:bb:02:c8,TRINIDAD.TRINIDAD,[WPA2-PSK-CCMP][WPS][ESS],1/1/1970 8:00,9,-59,14.66001601,121.0695025,0,62.01480484,WIFI
bc:c0:0f:c8:6c:58,g6fiber,[WPA-PSK-TKIP][WPA2-PSK-CCMP][ESS],1/1/1970 8:00,1,-68,14.66001601,121.0695025,0,62.01480484,WIFI
00:13:33:e6:06:3f,PLDTHOMEDSL,[WPA-PSK-CCMP+TKIP][WPA2-PSK-CCMP+TKIP][ESS],1/1/1970 8:00,11,-69,14.66001601,121.0695025,0,62.01480484,WIFI
b4:75:0e:cc:84:ce,Guevara,[WPA-PSK-CCMP+TKIP][WPA2-PSK-CCMP+TKIP][WPS][ESS],1/1/1970 8:00,1,-77,14.66001601,121.0695025,0,62.01480484,WIFI
bc:c0:0f:bf:4e:e8,PLDTHOMEFIBRf4ee8,[WPA-PSK-CCMP+TKIP][WPA2-PSK-CCMP+TKIP][ESS],1/1/1970 8:00,8,-81,14.66001601,121.0695025,0,62.01480484,WIFI
08:10:73:60:f2:a8,DeVera_RTR,[WPA-PSK-CCMP+TKIP][WPA2-PSK-CCMP+TKIP][ESS],1/1/1970 8:00,5,-75,14.66001601,121.0695025,0,62.01480484,WIFI
cc:06:77:62:de:8c,PLDTHOMEFIBR5G2de88,[WPA-PSK-TKIP][WPA2-PSK-CCMP][ESS],1/1/1970 8:00,36,-82,14.66001601,121.0695025,0,62.01480484,WIFI
cc:06:77:62:de:88,PLDTHOMEFIBR2de88,[WPA-PSK-TKIP][WPA2-PSK-CCMP][ESS],1/1/1970 8:00,6,-82,14.66001601,121.0695025,0,62.01480484,WIFI
00:26:75:b7:c0:a9,amber_wifi,[WPA-PSK-CCMP+TKIP][WPA2-PSK-CCMP+TKIP][WPS][ESS],1/1/1970 8:00,2,-84,14.66001601,121.0695025,0,62.01480484,WIFI
a4:7e:39:ad:ec:e4,sherlock,[WPA-PSK-CCMP+TKIP][WPA2-PSK-CCMP+TKIP][ESS],1/1/1970 8:00,10,-92,14.66001601,121.0695025,0,62.01480484,WIFI
bc:98:89:9d:4b:70,PLDTHOMEFIBR_DEVERA,[WPA-PSK-CCMP+TKIP][WPA2-PSK-CCMP+TKIP][WPS][ESS],1/1/1970 8:00,12,-83,14.66001601,121.0695025,0,62.01480484,WIFI
e0:8e:3c:22:2a:0b,bayanDSLWIFI_2A0B,[WPA-PSK-CCMP+TKIP][WPA2-PSK-CCMP+TKIP][ESS],1/1/1970 8:00,11,-88,14.66001601,121.0695025,0,62.01480484,WIFI
bc:c0:0f:bf:4e:ec,PLDTHOMEFIBR5Gf4ee8,[WPA-PSK-CCMP+TKIP][WPA2-PSK-CCMP+TKIP][ESS],1/1/1970 8:00,149,-77,14.66001601,121.0695025,0,62.01480484,WIFI
c0:4a:00:4a:46:44,Fonseca_WIFI,[WPA2-PSK-CCMP][WPS][ESS],1/1/1970 8:00,1,-83,14.66001601,121.0695025,0,62.01480484,WIFI
cc:06:77:6f:ed:34,Fonseca_5G,[WPA-PSK-TKIP][WPA2-PSK-CCMP][ESS],1/1/1970 8:00,36,-84,14.66001601,121.0695025,0,62.01480484,WIFI
74:cc:39:ba:df:68,PLDTHOMEFIBRadf68,[WPA-PSK-CCMP+TKIP][WPA2-PSK-CCMP+TKIP][ESS],1/1/1970 8:00,3,-78,14.66001601,121.0695025,0,62.01480484,WIFI
b4:30:52:0d:60:13,Vrow,[WPA2-PSK-CCMP][WPS][ESS],1/1/1970 8:00,2,-75,14.66001601,121.0695025,0,62.01480484,WIFI
e0:8e:3c:22:67:77,bayanDSLWIFI_DEVERA,[WPA-PSK-CCMP+TKIP][WPA2-PSK-CCMP+TKIP][ESS],1/1/1970 8:00,1,-79,14.66001601,121.0695025,0,62.01480484,WIFI
74:cc:39:87:37:f8,,[WPA-PSK-CCMP+TKIP][WPA2-PSK-CCMP+TKIP][ESS],1/1/1970 8:00,11,-85,14.66001601,121.0695025,0,62.01480484,WIFI
6c:3b:6b:ca:a0:d5,bnetsMesh,[WPA2-PSK-CCMP][WPS][ESS],1/1/1970 8:00,52,-74,14.66012411,121.0681253,0,62.01480484,WIFI
74:cc:39:ba:dc:c0,PLDTHOMEFIBRadcc0,[WPA-PSK-CCMP+TKIP][WPA2-PSK-CCMP+TKIP][ESS],1/1/1970 8:00,9,-86,14.66012411,121.0681253,0,62.01480484,WIFI
bc:c0:0f:c8:6c:5c,g6fiber5,[WPA-PSK-TKIP][WPA2-PSK-CCMP][ESS],1/1/1970 8:00,36,-83,14.66012411,121.0681253,0,62.01480484,WIFI
6c:3b:6b:ca:a5:97,bnetsMesh,[WPA-PSK-CCMP][WPA2-PSK-CCMP][WPS][ESS],1/1/1970 8:00,52,-81,14.66012411,121.0681253,0,62.01480484,WIFI
74:cc:39:bb:02:c8,TRINIDAD.TRINIDAD,[WPA2-PSK-CCMP][WPS][ESS],1/1/1970 8:00,9,-75,14.66012411,121.0681253,0,62.01480484,WIFI
00:13:33:e6:06:3f,PLDTHOMEDSL,[WPA-PSK-CCMP+TKIP][WPA2-PSK-CCMP+TKIP][ESS],1/1/1970 8:00,11,-83,14.66012411,121.0681253,0,62.01480484,WIFI
b4:75:0e:cc:84:ce,Guevara,[WPA-PSK-CCMP+TKIP][WPA2-PSK-CCMP+TKIP][WPS][ESS],1/1/1970 8:00,1,-81,14.66012411,121.0681253,0,62.01480484,WIFI
bc:c0:0f:bf:4e:e8,PLDTHOMEFIBRf4ee8,[WPA-PSK-CCMP+TKIP][WPA2-PSK-CCMP+TKIP][ESS],1/1/1970 8:00,8,-86,14.66012411,121.0681253,0,62.01480484,WIFI
08:10:73:60:f2:a8,DeVera_RTR,[WPA-PSK-CCMP+TKIP][WPA2-PSK-CCMP+TKIP][ESS],1/1/1970 8:00,5,-71,14.66012411,121.0681253,0,62.01480484,WIFI
cc:06:77:62:de:8c,PLDTHOMEFIBR5G2de88,[WPA-PSK-TKIP][WPA2-PSK-CCMP][ESS],1/1/1970 8:00,36,-74,14.66012411,121.0681253,0,62.01480484,WIFI
cc:06:77:62:de:88,PLDTHOMEFIBR2de88,[WPA-PSK-TKIP][WPA2-PSK-CCMP][ESS],1/1/1970 8:00,6,-67,14.66012411,121.0681253,0,62.01480484,WIFI
bc:98:89:9d:4b:70,PLDTHOMEFIBR_DEVERA,[WPA-PSK-CCMP+TKIP][WPA2-PSK-CCMP+TKIP][WPS][ESS],1/1/1970 8:00,12,-84,14.66012411,121.0681253,0,62.01480484,WIFI
e0:8e:3c:22:2a:0b,bayanDSLWIFI_2A0B,[WPA-PSK-CCMP+TKIP][WPA2-PSK-CCMP+TKIP][ESS],1/1/1970 8:00,11,-81,14.66012411,121.0681253,0,62.01480484,WIFI
bc:c0:0f:bf:4e:ec,PLDTHOMEFIBR5Gf4ee8,[WPA-PSK-CCMP+TKIP][WPA2-PSK-CCMP+TKIP][ESS],1/1/1970 8:00,149,-77,14.66012411,121.0681253,0,62.01480484,WIFI
c0:4a:00:4a:46:44,Fonseca_WIFI,[WPA2-PSK-CCMP][WPS][ESS],1/1/1970 8:00,1,-83,14.66012411,121.0681253,0,62.01480484,WIFI
74:cc:39:ba:df:68,PLDTHOMEFIBRadf68,[WPA-PSK-CCMP+TKIP][WPA2-PSK-CCMP+TKIP][ESS],1/1/1970 8:00,3,-78,14.66012411,121.0681253,0,62.01480484,WIFI
b4:30:52:0d:60:13,Vrow,[WPA2-PSK-CCMP][WPS][ESS],1/1/1970 8:00,2,-70,14.66012411,121.0681253,0,62.01480484,WIFI
e0:8e:3c:22:67:77,bayanDSLWIFI_DEVERA,[WPA-PSK-CCMP+TKIP][WPA2-PSK-CCMP+TKIP][ESS],1/1/1970 8:00,1,-76,14.66012411,121.0681253,0,62.01480484,WIFI
74:cc:39:87:37:f8,,[WPA-PSK-CCMP+TKIP][WPA2-PSK-CCMP+TKIP][ESS],1/1/1970 8:00,11,-82,14.66012411,121.0681253,0,62.01480484,WIFI
74:cc:39:ba:de:e0,PLDTHOMEFIBRadee0,[WPA-PSK-CCMP+TKIP][WPA2-PSK-CCMP+TKIP][ESS],1/1/1970 8:00,9,-82,14.66012411,121.0681253,0,62.01480484,WIFI
74:cc:39:30:f4:f8,PLDTHOMEFIBR_30f4f8,[WPA-PSK-CCMP+TKIP][WPA2-PSK-CCMP+TKIP][WPS][ESS],1/1/1970 8:00,10,-85,14.66012411,121.0681253,0,62.01480484,WIFI
6c:3b:6b:ca:a0:d5,bnetsMesh,[WPA2-PSK-CCMP][WPS][ESS],10/28/2017 13:11,52,-75,14.66016915,121.0675515,155,18.20399857,WIFI
74:cc:39:ba:dc:c0,PLDTHOMEFIBRadcc0,[WPA-PSK-CCMP+TKIP][WPA2-PSK-CCMP+TKIP][ESS],10/28/2017 13:11,9,-86,14.66016915,121.0675515,155,18.20399857,WIFI
6c:3b:6b:ca:a5:97,bnetsMesh,[WPA-PSK-CCMP][WPA2-PSK-CCMP][WPS][ESS],10/28/2017 13:11,52,-82,14.66016915,121.0675515,155,18.20399857,WIFI
74:cc:39:bb:02:c8,TRINIDAD.TRINIDAD,[WPA2-PSK-CCMP][WPS][ESS],10/28/2017 13:11,9,-75,14.66016915,121.0675515,155,18.20399857,WIFI
bc:c0:0f:bf:4e:e8,PLDTHOMEFIBRf4ee8,[WPA-PSK-CCMP+TKIP][WPA2-PSK-CCMP+TKIP][ESS],10/28/2017 13:11,8,-87,14.66016915,121.0675515,155,18.20399857,WIFI
08:10:73:60:f2:a8,DeVera_RTR,[WPA-PSK-CCMP+TKIP][WPA2-PSK-CCMP+TKIP][ESS],10/28/2017 13:11,5,-73,14.66016915,121.0675515,155,18.20399857,WIFI
cc:06:77:62:de:8c,PLDTHOMEFIBR5G2de88,[WPA-PSK-TKIP][WPA2-PSK-CCMP][ESS],10/28/2017 13:11,36,-69,14.66016915,121.0675515,155,18.20399857,WIFI
cc:06:77:62:de:88,PLDTHOMEFIBR2de88,[WPA-PSK-TKIP][WPA2-PSK-CCMP][ESS],10/28/2017 13:11,6,-66,14.66016915,121.0675515,155,18.20399857,WIFI
bc:98:89:9d:4b:70,PLDTHOMEFIBR_DEVERA,[WPA-PSK-CCMP+TKIP][WPA2-PSK-CCMP+TKIP][WPS][ESS],10/28/2017 13:11,12,-85,14.66016915,121.0675515,155,18.20399857,WIFI
e0:8e:3c:22:2a:0b,bayanDSLWIFI_2A0B,[WPA-PSK-CCMP+TKIP][WPA2-PSK-CCMP+TKIP][ESS],10/28/2017 13:11,11,-76,14.66016915,121.0675515,155,18.20399857,WIFI
74:cc:39:ba:df:68,PLDTHOMEFIBRadf68,[WPA-PSK-CCMP+TKIP][WPA2-PSK-CCMP+TKIP][ESS],10/28/2017 13:11,3,-86,14.66016915,121.0675515,155,18.20399857,WIFI
b4:30:52:0d:60:13,Vrow,[WPA2-PSK-CCMP][WPS][ESS],10/28/2017 13:11,2,-70,14.66016915,121.0675515,155,18.20399857,WIFI
e0:8e:3c:22:67:77,bayanDSLWIFI_DEVERA,[WPA-PSK-CCMP+TKIP][WPA2-PSK-CCMP+TKIP][ESS],10/28/2017 13:11,1,-84,14.66016915,121.0675515,155,18.20399857,WIFI
74:cc:39:87:37:f8,,[WPA-PSK-CCMP+TKIP][WPA2-PSK-CCMP+TKIP][ESS],10/28/2017 13:11,11,-74,14.66016915,121.0675515,155,18.20399857,WIFI
74:cc:39:ba:de:e0,PLDTHOMEFIBRadee0,[WPA-PSK-CCMP+TKIP][WPA2-PSK-CCMP+TKIP][ESS],10/28/2017 13:11,9,-87,14.66016915,121.0675515,155,18.20399857,WIFI
74:cc:39:30:f4:f8,PLDTHOMEFIBR_30f4f8,[WPA-PSK-CCMP+TKIP][WPA2-PSK-CCMP+TKIP][WPS][ESS],10/28/2017 13:11,10,-82,14.66016915,121.0675515,155,18.20399857,WIFI
bc:c0:0f:c8:6c:5c,g6fiber5,[WPA-PSK-TKIP][WPA2-PSK-CCMP][ESS],10/28/2017 13:11,36,-88,14.66016915,121.0675515,155,18.20399857,WIFI
00:13:33:d9:60:52,PLDTHOMEDSL_SANDOVAL,[WPA-PSK-CCMP+TKIP][WPA2-PSK-CCMP+TKIP][ESS],10/28/2017 13:11,11,-81,14.66016915,121.0675515,155,18.20399857,WIFI
d0:04:92:01:a5:e0,PLDTHOMEFIBR_DERF,[WPA-PSK-CCMP+TKIP][WPA2-PSK-CCMP+TKIP][WPS][ESS],10/28/2017 13:11,1,-83,14.66016915,121.0675515,155,18.20399857,WIFI
60:31:97:13:7b:67,PLDTMyDSLBizkevs,[WPA-PSK-CCMP+TKIP][WPA2-PSK-CCMP+TKIP][ESS],10/28/2017 13:11,5,-87,14.66016915,121.0675515,155,18.20399857,WIFI
48:f8:b3:50:77:91,laura,[WPA2-PSK-CCMP][WPS][ESS],10/28/2017 13:11,1,-88,14.66016915,121.0675515,155,18.20399857,WIFI
00:13:33:d9:60:52,PLDTHOMEDSL_SANDOVAL,[WPA-PSK-CCMP+TKIP][WPA2-PSK-CCMP+TKIP][ESS],10/28/2017 13:11,11,-76,14.66016915,121.0675515,155,18.20399857,WIFI
d0:04:92:01:a5:e0,PLDTHOMEFIBR_DERF,[WPA-PSK-CCMP+TKIP][WPA2-PSK-CCMP+TKIP][WPS][ESS],10/28/2017 13:11,1,-77,14.66016915,121.0675515,155,18.20399857,WIFI
60:31:97:13:7b:68,PLDTMyDSLBiz5G7B660,[WPA-PSK-CCMP+TKIP][WPA2-PSK-CCMP+TKIP][ESS],10/28/2017 13:11,100,-89,14.66016915,121.0675515,155,18.20399857,WIFI
bc:c0:0f:c8:6c:58,g6fiber,[WPA-PSK-TKIP][WPA2-PSK-CCMP][ESS],10/28/2017 13:11,1,-87,14.66016915,121.0675515,155,18.20399857,WIFI
74:cc:39:ba:de:e0,PLDTHOMEFIBRadee0,[WPA-PSK-CCMP+TKIP][WPA2-PSK-CCMP+TKIP][ESS],10/28/2017 13:11,9,-72,14.66016915,121.0675515,155,18.20399857,WIFI
60:31:97:13:7b:67,PLDTMyDSLBizkevs,[WPA-PSK-CCMP+TKIP][WPA2-PSK-CCMP+TKIP][ESS],10/28/2017 13:11,5,-75,14.66016915,121.0675515,155,18.20399857,WIFI
60:31:97:13:7b:68,PLDTMyDSLBiz5G7B660,[WPA-PSK-CCMP+TKIP][WPA2-PSK-CCMP+TKIP][ESS],10/28/2017 13:11,100,-84,14.66016915,121.0675515,155,18.20399857,WIFI
bc:c0:0f:82:03:d8,Betelgeuse,[WPA-PSK-CCMP+TKIP][WPA2-PSK-CCMP+TKIP][ESS],10/28/2017 13:11,5,-87,14.66016915,121.0675515,155,18.20399857,WIFI
e0:8e:3c:1a:c4:9b,UPCubao,[WPA-PSK-CCMP+TKIP][WPA2-PSK-CCMP+TKIP][ESS],10/28/2017 13:11,1,-86,14.66016915,121.0675515,155,18.20399857,WIFI
cc:06:77:70:7d:00,PLDTHOMEFIBR07d00,[WPA-PSK-TKIP][WPA2-PSK-CCMP][ESS],10/28/2017 13:11,7,-91,14.66016915,121.0675515,155,18.20399857,WIFI
6c:3b:6b:ca:a5:97,bnetsMesh,[WPA-PSK-CCMP][WPA2-PSK-CCMP][WPS][ESS],10/28/2017 13:11,52,-75,14.66007078,121.0672918,126,16.68700027,WIFI
e0:8e:3c:22:2a:0b,bayanDSLWIFI_2A0B,[WPA-PSK-CCMP+TKIP][WPA2-PSK-CCMP+TKIP][ESS],10/28/2017 13:11,11,-66,14.66007078,121.0672918,126,16.68700027,WIFI
bc:c0:0f:82:03:d8,Betelgeuse,[WPA-PSK-CCMP+TKIP][WPA2-PSK-CCMP+TKIP][ESS],10/28/2017 13:11,5,-81,14.66007078,121.0672918,126,16.68700027,WIFI
cc:06:77:70:7d:00,PLDTHOMEFIBR07d00,[WPA-PSK-TKIP][WPA2-PSK-CCMP][ESS],10/28/2017 13:11,7,-86,14.66007078,121.0672918,126,16.68700027,WIFI
74:cc:39:ba:cb:88,PLDTHOMEFIBRacb88,[WPA-PSK-CCMP+TKIP][WPA2-PSK-CCMP+TKIP][ESS],10/28/2017 13:11,6,-75,14.66007078,121.0672918,126,16.68700027,WIFI
18:a3:e8:1f:5a:09,PLDTHOMEFIBRa08,[WPA2-PSK-CCMP+TKIP][ESS],10/28/2017 13:11,3,-81,14.66007078,121.0672918,126,16.68700027,WIFI
f0:8c:fb:80:d7:90,PLDTHOMEFIBRza,[WPA-PSK-CCMP+TKIP][WPA2-PSK-CCMP+TKIP][WPS][ESS],10/28/2017 13:11,9,-76,14.66007078,121.0672918,126,16.68700027,WIFI
cc:06:77:70:7d:04,PLDTHOMEFIBR5G07d00,[WPA-PSK-TKIP][WPA2-PSK-CCMP][ESS],10/28/2017 13:11,36,-85,14.66007078,121.0672918,126,16.68700027,WIFI
cc:06:77:6f:ed:d8,PLDTHOMEFIBRfedd8,[WPA-PSK-TKIP][WPA2-PSK-CCMP][ESS],10/28/2017 13:11,5,-81,14.66007078,121.0672918,126,16.68700027,WIFI
18:a3:e8:1f:5a:08,PLDTHOMEFIBRk,[WPA-PSK-CCMP+TKIP][WPA2-PSK-CCMP+TKIP][WPS][ESS],10/28/2017 13:11,3,-87,14.66007078,121.0672918,126,16.68700027,WIFI
74:cc:39:30:f4:f8,PLDTHOMEFIBR_30f4f8,[WPA-PSK-CCMP+TKIP][WPA2-PSK-CCMP+TKIP][WPS][ESS],10/28/2017 13:11,10,-77,14.66007078,121.0672918,126,16.68700027,WIFI
74:cc:39:ba:dd:78,PLDTHOMEFIBRadd78,[WPA-PSK-CCMP+TKIP][WPA2-PSK-CCMP+TKIP][ESS],10/28/2017 13:11,6,-80,14.66007078,121.0672918,126,16.68700027,WIFI
00:13:33:d9:60:52,PLDTHOMEDSL_SANDOVAL,[WPA-PSK-CCMP+TKIP][WPA2-PSK-CCMP+TKIP][ESS],10/28/2017 13:11,11,-55,14.66007078,121.0672918,126,16.68700027,WIFI
e0:8e:3c:1a:c4:9b,UPCubao,[WPA-PSK-CCMP+TKIP][WPA2-PSK-CCMP+TKIP][ESS],10/28/2017 13:11,1,-74,14.66007078,121.0672918,126,16.68700027,WIFI
74:cc:39:ba:cb:88,PLDTHOMEFIBRacb88,[WPA-PSK-CCMP+TKIP][WPA2-PSK-CCMP+TKIP][ESS],10/28/2017 13:11,6,-65,14.66007078,121.0672918,126,16.68700027,WIFI
cc:06:77:6f:ed:d8,PLDTHOMEFIBRfedd8,[WPA-PSK-TKIP][WPA2-PSK-CCMP][ESS],10/28/2017 13:11,5,-69,14.66007078,121.0672918,126,16.68700027,WIFI
cc:06:77:6f:ed:dc,PLDTHOMEFIBR5Gfedd8,[WPA-PSK-TKIP][WPA2-PSK-CCMP][ESS],10/28/2017 13:11,36,-85,14.66007078,121.0672918,126,16.68700027,WIFI
51502_30232_210478194,Globe,HSPA;ph,10/28/2017 13:11,0,-109,14.66007078,121.0672918,126,16.68700027,GSM
74:cc:39:30:f4:f8,PLDTHOMEFIBR_30f4f8,[WPA-PSK-CCMP+TKIP][WPA2-PSK-CCMP+TKIP][WPS][ESS],10/28/2017 13:11,10,-67,14.66007078,121.0672918,126,16.68700027,WIFI
bc:c0:0f:82:03:d8,Betelgeuse,[WPA-PSK-CCMP+TKIP][WPA2-PSK-CCMP+TKIP][ESS],10/28/2017 13:11,5,-70,14.66007078,121.0672918,126,16.68700027,WIFI
e0:8e:3c:1a:c4:9b,UPCubao,[WPA-PSK-CCMP+TKIP][WPA2-PSK-CCMP+TKIP][ESS],10/28/2017 13:11,1,-68,14.66007078,121.0672918,126,16.68700027,WIFI
cc:06:77:70:7d:00,PLDTHOMEFIBR07d00,[WPA-PSK-TKIP][WPA2-PSK-CCMP][ESS],10/28/2017 13:11,7,-77,14.66007078,121.0672918,126,16.68700027,WIFI
00:13:33:d9:60:52,PLDTHOMEDSL_SANDOVAL,[WPA-PSK-CCMP+TKIP][WPA2-PSK-CCMP+TKIP][ESS],10/28/2017 13:11,11,-50,14.66007078,121.0672918,126,16.68700027,WIFI
cc:06:77:70:7d:00,PLDTHOMEFIBR07d00,[WPA-PSK-TKIP][WPA2-PSK-CCMP][ESS],10/28/2017 13:11,7,-68,14.66007078,121.0672918,126,16.68700027,WIFI
cc:06:77:70:7d:04,PLDTHOMEFIBR5G07d00,[WPA-PSK-TKIP][WPA2-PSK-CCMP][ESS],10/28/2017 13:11,36,-74,14.66007078,121.0672918,126,16.68700027,WIFI
74:cc:39:30:f4:f8,PLDTHOMEFIBR_30f4f8,[WPA-PSK-CCMP+TKIP][WPA2-PSK-CCMP+TKIP][WPS][ESS],10/28/2017 13:11,10,-57,14.66008737,121.0672266,137,10.61899948,WIFI
cc:06:77:70:7d:00,PLDTHOMEFIBR07d00,[WPA-PSK-TKIP][WPA2-PSK-CCMP][ESS],10/28/2017 13:11,7,-63,14.66008737,121.0672266,137,10.61899948,WIFI
74:cc:39:ba:cb:88,PLDTHOMEFIBRacb88,[WPA-PSK-CCMP+TKIP][WPA2-PSK-CCMP+TKIP][ESS],10/28/2017 13:11,6,-59,14.66008737,121.0672266,137,10.61899948,WIFI
51502_30232_210478194,Globe,HSPA;ph,10/28/2017 13:11,0,-99,14.66008737,121.0672266,137,10.61899948,GSM
6c:3b:6b:ca:a3:ed,bnetsMesh,[WPA-PSK-CCMP][WPA2-PSK-CCMP][WPS][ESS],10/28/2017 13:12,52,-88,14.66008433,121.0670126,119,6.06799984,WIFI
51502_20216_13152,Globe,EDGE;ph,10/28/2017 13:12,0,-91,14.66008433,121.0670126,119,6.06799984,GSM
51502_30232_210464817,Globe,HSPA;ph,10/28/2017 13:12,0,-93,14.66006374,121.0670433,125,15.17000008,GSM
51502_30232_210449584,Globe,HSPA;ph,10/28/2017 13:12,0,-93,14.66006374,121.0670433,125,15.17000008,GSM
51502_30232_210464820,Globe,HSPA;ph,10/28/2017 13:14,0,-91,14.66000446,121.0671308,117,10.61899948,GSM
d4:ae:05:fb:b8:fb,AndroidAP,[WPA2-PSK-CCMP][ESS],1/1/1970 8:00,6,-89,14.66027701,121.066967,0,11.64577293,WIFI
d4:ae:05:fb:b8:fb,AndroidAP,[WPA2-PSK-CCMP][ESS],1/1/1970 8:00,6,-89,14.66009531,121.0670762,0,11.64577293,WIFI
04:18:d6:5a:3f:0f,Tsunami169,[ESS],10/28/2017 13:14,128,-88,14.66000446,121.0671308,117,10.61899948,WIFI
51502_30203_210454603,Globe,HSPA;ph,10/28/2017 13:15,0,-93,14.65976318,121.0670892,127,18.20399857,GSM
51502_30232_210451843,Globe,HSPA;ph,10/28/2017 13:15,0,-103,14.66005039,121.0671937,124,16.68700027,GSM
cc:06:77:62:de:8c,PLDTHOMEFIBR5G2de88,[WPA-PSK-TKIP][WPA2-PSK-CCMP][ESS],10/28/2017 13:16,36,-63,14.66010898,121.0674512,125,7.585000038,WIFI
d0:04:92:01:a5:e0,PLDTHOMEFIBR_DERF,[WPA-PSK-CCMP+TKIP][WPA2-PSK-CCMP+TKIP][WPS][ESS],10/28/2017 13:16,1,-62,14.66010898,121.0674512,125,7.585000038,WIFI
74:cc:39:ba:dc:c0,PLDTHOMEFIBRadcc0,[WPA-PSK-CCMP+TKIP][WPA2-PSK-CCMP+TKIP][ESS],10/28/2017 13:16,9,-76,14.66010519,121.0675374,119,4.550999641,WIFI
6c:3b:6b:ca:a0:d5,bnetsMesh,[WPA2-PSK-CCMP][WPS][ESS],10/28/2017 13:16,52,-62,14.66009224,121.0675961,118,4.550999641,WIFI
74:cc:39:bb:02:c8,TRINIDAD.TRINIDAD,[WPA2-PSK-CCMP][WPS][ESS],10/28/2017 13:16,9,-70,14.66009224,121.0675961,118,4.550999641,WIFI
08:10:73:60:f2:a8,DeVera_RTR,[WPA-PSK-CCMP+TKIP][WPA2-PSK-CCMP+TKIP][ESS],10/28/2017 13:16,5,-68,14.66008609,121.0676532,118,4.550999641,WIFI
bc:98:89:9d:4b:70,PLDTHOMEFIBR_DEVERA,[WPA-PSK-CCMP+TKIP][WPA2-PSK-CCMP+TKIP][WPS][ESS],10/28/2017 13:16,12,-71,14.66008609,121.0676532,118,4.550999641,WIFI
e0:8e:3c:22:67:77,bayanDSLWIFI_DEVERA,[WPA-PSK-CCMP+TKIP][WPA2-PSK-CCMP+TKIP][ESS],10/28/2017 13:16,1,-76,14.66008609,121.0676532,118,4.550999641,WIFI
bc:c0:0f:bf:4e:e8,PLDTHOMEFIBRf4ee8,[WPA-PSK-CCMP+TKIP][WPA2-PSK-CCMP+TKIP][ESS],10/28/2017 13:16,8,-82,14.66008609,121.0676532,118,4.550999641,WIFI
08:10:73:60:f2:a8,DeVera_RTR,[WPA-PSK-CCMP+TKIP][WPA2-PSK-CCMP+TKIP][ESS],10/28/2017 13:16,5,-63,14.66008147,121.0677054,118,4.550999641,WIFI
74:cc:39:ba:df:68,PLDTHOMEFIBRadf68,[WPA-PSK-CCMP+TKIP][WPA2-PSK-CCMP+TKIP][ESS],10/28/2017 13:16,3,-73,14.66008147,121.0677054,118,4.550999641,WIFI
e0:8e:3c:22:67:77,bayanDSLWIFI_DEVERA,[WPA-PSK-CCMP+TKIP][WPA2-PSK-CCMP+TKIP][ESS],10/28/2017 13:16,1,-70,14.66008147,121.0677054,118,4.550999641,WIFI
bc:c0:0f:c8:6c:5c,g6fiber5,[WPA-PSK-TKIP][WPA2-PSK-CCMP][ESS],10/28/2017 13:16,36,-83,14.66008147,121.0677054,118,4.550999641,WIFI
bc:c0:0f:bf:4e:ec,PLDTHOMEFIBR5Gf4ee8,[WPA-PSK-CCMP+TKIP][WPA2-PSK-CCMP+TKIP][ESS],10/28/2017 13:16,149,-85,14.66009365,121.0677542,117,4.550999641,WIFI
74:cc:39:ba:dc:c0,PLDTHOMEFIBRadcc0,[WPA-PSK-CCMP+TKIP][WPA2-PSK-CCMP+TKIP][ESS],10/28/2017 13:16,9,-70,14.66011283,121.0678052,117,4.550999641,WIFI
74:cc:39:bb:02:c8,TRINIDAD.TRINIDAD,[WPA2-PSK-CCMP][WPS][ESS],10/28/2017 13:16,9,-55,14.66011283,121.0678052,117,4.550999641,WIFI
00:13:33:e6:06:3f,PLDTHOMEDSL,[WPA-PSK-CCMP+TKIP][WPA2-PSK-CCMP+TKIP][ESS],10/28/2017 13:16,11,-73,14.66011283,121.0678052,117,4.550999641,WIFI
b4:30:52:0d:60:13,Vrow,[WPA2-PSK-CCMP][WPS][ESS],10/28/2017 13:16,2,-60,14.66012049,121.0678601,119,4.550999641,WIFI
bc:c0:0f:bf:4e:e8,PLDTHOMEFIBRf4ee8,[WPA-PSK-CCMP+TKIP][WPA2-PSK-CCMP+TKIP][ESS],10/28/2017 13:16,8,-70,14.66012049,121.0678601,119,4.550999641,WIFI
bc:c0:0f:c8:6c:5c,g6fiber5,[WPA-PSK-TKIP][WPA2-PSK-CCMP][ESS],10/28/2017 13:16,36,-75,14.66012049,121.0678601,119,4.550999641,WIFI
cc:06:77:6f:ed:34,Fonseca_5G,[WPA-PSK-TKIP][WPA2-PSK-CCMP][ESS],10/28/2017 13:16,36,-81,14.66012049,121.0678601,119,4.550999641,WIFI
c0:4a:00:4a:46:44,Fonseca_WIFI,[WPA2-PSK-CCMP][WPS][ESS],10/28/2017 13:16,1,-77,14.66012049,121.0678601,119,4.550999641,WIFI
b4:75:0e:cc:84:ce,Guevara,[WPA-PSK-CCMP+TKIP][WPA2-PSK-CCMP+TKIP][WPS][ESS],10/28/2017 13:16,1,-78,14.66012049,121.0678601,119,4.550999641,WIFI
88:d2:74:86:b7:75,bayanDSLWIFI_B775,[WPA-PSK-CCMP+TKIP][WPA2-PSK-CCMP+TKIP][WPS][ESS],10/28/2017 13:16,1,-81,14.66012049,121.0678601,119,4.550999641,WIFI
bc:c0:0f:c8:6c:5c,g6fiber5,[WPA-PSK-TKIP][WPA2-PSK-CCMP][ESS],10/28/2017 13:16,36,-69,14.66012043,121.0679258,119,4.550999641,WIFI
00:13:33:e6:06:3f,PLDTHOMEDSL,[WPA-PSK-CCMP+TKIP][WPA2-PSK-CCMP+TKIP][ESS],10/28/2017 13:16,11,-64,14.66012043,121.0679258,119,4.550999641,WIFI
bc:c0:0f:c8:6c:58,g6fiber,[WPA-PSK-TKIP][WPA2-PSK-CCMP][ESS],10/28/2017 13:16,1,-67,14.66012043,121.0679258,119,4.550999641,WIFI
00:26:75:b7:c0:a9,amber_wifi,[WPA-PSK-CCMP+TKIP][WPA2-PSK-CCMP+TKIP][WPS][ESS],10/28/2017 13:16,2,-73,14.66012043,121.0679258,119,4.550999641,WIFI
bc:c0:0f:c8:e0:70,PLDTHOMEFIBR8e070,[WPA-PSK-TKIP][WPA2-PSK-CCMP][ESS],10/28/2017 13:16,5,-87,14.66009734,121.0679815,118,4.550999641,WIFI
1c:8e:5c:3f:c0:f8,B593_FC0F8,[WPA-PSK-CCMP+TKIP][WPA2-PSK-CCMP+TKIP][ESS],10/28/2017 13:16,1,-83,14.66009734,121.0679815,118,4.550999641,WIFI
9c:6f:52:35:16:32,YoMommaSoFat,[WPA-PSK-CCMP+TKIP][WPA2-PSK-CCMP+TKIP][WPS][ESS],10/28/2017 13:16,2,-85,14.66009734,121.0679815,118,4.550999641,WIFI
74:cc:39:ba:dc:c0,PLDTHOMEFIBRadcc0,[WPA-PSK-CCMP+TKIP][WPA2-PSK-CCMP+TKIP][ESS],10/28/2017 13:16,9,-65,14.66010636,121.0680438,119,4.550999641,WIFI
bc:c0:0f:c8:6c:5c,g6fiber5,[WPA-PSK-TKIP][WPA2-PSK-CCMP][ESS],10/28/2017 13:16,36,-62,14.66010636,121.0680438,119,4.550999641,WIFI
bc:c0:0f:c8:6c:58,g6fiber,[WPA-PSK-TKIP][WPA2-PSK-CCMP][ESS],10/28/2017 13:16,1,-57,14.66010636,121.0680438,119,4.550999641,WIFI
bc:c0:0f:c8:6c:58,g6fiber,[WPA-PSK-TKIP][WPA2-PSK-CCMP][ESS],10/28/2017 13:16,1,-49,14.66011509,121.0681004,119,4.550999641,WIFI
1c:8e:5c:3f:c0:f8,B593_FC0F8,[WPA-PSK-CCMP+TKIP][WPA2-PSK-CCMP+TKIP][ESS],10/28/2017 13:16,1,-72,14.66011509,121.0681004,119,4.550999641,WIFI
bc:c0:0f:c8:e0:70,PLDTHOMEFIBR8e070,[WPA-PSK-TKIP][WPA2-PSK-CCMP][ESS],10/28/2017 13:16,5,-78,14.66012544,121.0681475,120,4.550999641,WIFI
9c:6f:52:35:16:32,YoMommaSoFat,[WPA-PSK-CCMP+TKIP][WPA2-PSK-CCMP+TKIP][WPS][ESS],10/28/2017 13:16,2,-77,14.66012544,121.0681475,120,4.550999641,WIFI
e0:8e:3c:21:5a:37,bayanDSLWIFI_5A37,[WPA-PSK-CCMP+TKIP][WPA2-PSK-CCMP+TKIP][ESS],10/28/2017 13:16,1,-86,14.66012544,121.0681475,120,4.550999641,WIFI
1c:8e:5c:3f:c0:f8,B593_FC0F8,[WPA-PSK-CCMP+TKIP][WPA2-PSK-CCMP+TKIP][ESS],10/28/2017 13:16,1,-67,14.66015509,121.0681955,119,4.550999641,WIFI
9c:6f:52:35:16:32,YoMommaSoFat,[WPA-PSK-CCMP+TKIP][WPA2-PSK-CCMP+TKIP][WPS][ESS],10/28/2017 13:16,2,-70,14.66015509,121.0681955,119,4.550999641,WIFI
1c:8e:5c:3f:c0:f8,B593_FC0F8,[WPA-PSK-CCMP+TKIP][WPA2-PSK-CCMP+TKIP][ESS],10/28/2017 13:16,1,-57,14.66016476,121.0682512,119,4.550999641,WIFI
51502_30203_210495277,Globe,HSPA;ph,10/28/2017 13:16,0,-105,14.66016476,121.0682512,119,4.550999641,GSM
6c:3b:6b:ca:a5:97,bnetsMesh,[WPA-PSK-CCMP][WPA2-PSK-CCMP][WPS][ESS],10/28/2017 13:17,52,-87,14.66015224,121.0683017,120,4.550999641,WIFI
9c:6f:52:35:16:32,YoMommaSoFat,[WPA-PSK-CCMP+TKIP][WPA2-PSK-CCMP+TKIP][WPS][ESS],10/28/2017 13:17,2,-60,14.66015224,121.0683017,120,4.550999641,WIFI
00:1f:fb:c6:6a:a1,Home Network Test,[WPA2-PSK-CCMP][WPS][ESS],10/28/2017 13:17,11,-80,14.66014751,121.0683571,120,4.550999641,WIFI
51502_30203_210495093,Globe,HSPA;ph,10/28/2017 13:17,0,-95,14.66014751,121.0683571,120,4.550999641,GSM
9c:6f:52:35:04:03,Gazmen,[WPA-PSK-CCMP+TKIP][WPA2-PSK-CCMP+TKIP][WPS][ESS],10/28/2017 13:17,1,-60,14.66014756,121.0684132,120,4.550999641,WIFI
51502_30203_210495280,Globe,HSPA;ph,10/28/2017 13:17,0,-91,14.66000337,121.0685324,119,4.550999641,GSM
f0:8c:fb:80:34:48,PLDTHOMEFIBR_803448,[WPA-PSK-CCMP+TKIP][WPA2-PSK-CCMP+TKIP][WPS][ESS],10/28/2017 13:17,9,-70,14.65966452,121.068389,115,4.550999641,WIFI
74:cc:39:89:ab:98,PLDTHOMEFIBR9ab98,[WPA-PSK-CCMP+TKIP][WPA2-PSK-CCMP+TKIP][ESS],10/28/2017 13:18,1,-60,14.65966559,121.0681617,116,4.550999641,WIFI
6c:3b:6b:ca:a0:d5,bnetsMesh,[WPA2-PSK-CCMP][WPS][ESS],10/28/2017 13:18,52,-56,14.65962133,121.0679972,117,4.550999641,WIFI
28:10:7b:64:82:34,Web796ZB5591deeds,[WPA-PSK-CCMP+TKIP][WPA2-PSK-CCMP+TKIP][WPS][ESS],10/28/2017 13:18,8,-77,14.65962103,121.0678291,116,4.550999641,WIFI
94:46:96:1d:8a:21,PLDTHOMEDSL7J7A0,[WPA-PSK-CCMP+TKIP][WPA2-PSK-CCMP+TKIP][ESS],10/28/2017 13:19,10,-52,14.65962979,121.0675567,114,4.550999641,WIFI
6c:3b:6b:ca:a5:97,bnetsMesh,[WPA-PSK-CCMP][WPA2-PSK-CCMP][WPS][ESS],10/28/2017 13:19,52,-87,14.65963407,121.0672842,116,4.550999641,WIFI
d0:04:92:10:fb:d8,PLDTHOMEFIBRNoNetworkAvailable,[WPA-PSK-CCMP+TKIP][WPA2-PSK-CCMP+TKIP][WPS][ESS],10/28/2017 13:19,12,-74,14.65963407,121.0672842,116,4.550999641,WIFI
51502_20216_41109,Globe,EDGE;ph,10/28/2017 13:19,0,-85,14.65965683,121.0672342,116,4.550999641,GSM
d4:ae:05:fb:b8:fb,AndroidAP,[WPA2-PSK-CCMP][ESS],10/28/2017 13:19,6,-86,14.65955176,121.0670731,117,4.550999641,WIFI
d4:ae:05:fb:b8:fb,AndroidAP,[WPA2-PSK-CCMP][ESS],10/28/2017 13:20,6,-79,14.65931188,121.0671117,116,4.550999641,WIFI
94:a7:b7:26:6f:7e,bayanDSLWIFI_6F7E,[WPA-PSK-CCMP+TKIP][WPA2-PSK-CCMP+TKIP][WPS][ESS],10/28/2017 13:20,10,-84,14.65926516,121.0671253,116,4.550999641,WIFI
51502_30232_210464820,Globe,HSPA;ph,10/28/2017 13:20,0,-85,14.65926516,121.0671253,116,4.550999641,GSM
bc:c0:0f:20:2e:e8,,[WPA-PSK-CCMP+TKIP][WPA2-PSK-CCMP+TKIP][ESS],10/28/2017 13:20,9,-54,14.65922559,121.0673297,116,4.550999641,WIFI
e0:8e:3c:1a:ea:ab,bayanDSLWIFI_EAAB,[WPA-PSK-CCMP+TKIP][WPA2-PSK-CCMP+TKIP][ESS],10/28/2017 13:20,1,-73,14.65920436,121.0675435,117,13.65299988,WIFI
bc:98:89:12:af:10,PLDTHOMEFIBR_SOFIAMILES@UPD,[WPA2-PSK-CCMP][WPS][ESS],10/28/2017 13:20,7,-87,14.65920436,121.0675435,117,13.65299988,WIFI
1c:b9:c4:20:b4:8c,#SmartWifi @UPDiliman,[ESS],10/28/2017 13:21,36,-77,14.65926834,121.0681366,132,16.68700027,WIFI
dc:1a:c5:f5:97:5b,vivo 1606,[WPA2-PSK-CCMP][ESS],10/28/2017 13:21,11,-85,14.65926834,121.0681366,132,16.68700027,WIFI
1c:b9:c4:20:b4:8c,#SmartWifi @UPDiliman,[ESS],10/28/2017 13:21,36,-72,14.65926296,121.0682442,137,13.65299988,WIFI
4c:81:20:92:43:be,PLDTHOMEDSLALLUPWorkersUnion,[WPA-PSK-CCMP+TKIP][WPA2-PSK-CCMP+TKIP][WPS][ESS],10/28/2017 13:21,1,-66,14.65926296,121.0682442,137,13.65299988,WIFI
f0:3e:90:01:cf:8c,DILNET-WIFI,[ESS],10/28/2017 13:21,36,-90,14.65926296,121.0682442,137,13.65299988,WIFI
74:4a:a4:a8:49:ec,Henriel,[WPA2-PSK-CCMP][ESS],10/28/2017 13:21,11,-82,14.65926296,121.0682442,137,13.65299988,WIFI
24:79:2a:21:35:18,DILNET-WIFI,[ESS],10/28/2017 13:21,11,-85,14.65926296,121.0682442,137,13.65299988,WIFI
dc:1a:c5:f5:97:5b,vivo 1606,[WPA2-PSK-CCMP][ESS],10/28/2017 13:21,11,-73,14.65926296,121.0682442,137,13.65299988,WIFI
24:79:2a:21:42:ec,DILNET-WIFI,[ESS],10/28/2017 13:21,58,-89,14.65926296,121.0682442,137,13.65299988,WIFI
1c:b9:c4:21:d0:e8,#SmartWifi @UPDiliman,[ESS],10/28/2017 13:21,11,-85,14.65926296,121.0682442,137,13.65299988,WIFI
e4:8d:8c:d8:a9:30,,[ESS],10/28/2017 13:21,6,-88,14.65926296,121.0682442,137,13.65299988,WIFI
